feature,feature_type,op,threshold_start,threshold_end,threshold_step,threshold,skipped_exception,skipped_missing_observed,thr_TP,thr_FP,thr_TN,thr_FN,thr_precision,thr_recall,thr_specificity,thr_f1,thr_accuracy,thr_balanced_accuracy,thr_support_pos,thr_support_neg,thr_pred_pos,thr_pred_neg,mwm_TP,mwm_FP,mwm_TN,mwm_FN,mwm_precision,mwm_recall,mwm_specificity,mwm_f1,mwm_accuracy,mwm_balanced_accuracy,mwm_support_pos,mwm_support_neg,mwm_pred_pos,mwm_pred_neg
sharedEdgeLength,continuous,<=,4.0,59.0,1.0,4.0,51,0,0,61,6398,1114,0.0,0.0,0.9905558135934355,0.0,0.8448435230423874,0.49527790679671774,1114,6459,61,7512,0,54,6405,1114,0.0,0.0,0.9916395726892708,0.0,0.8457678595008583,0.4958197863446354,1114,6459,54,7519
sharedEdgeLength,continuous,<=,4.0,59.0,1.0,5.0,51,0,0,150,6309,1114,0.0,0.0,0.97677659080353,0.0,0.8330912452132576,0.488388295401765,1114,6459,150,7423,0,123,6336,1114,0.0,0.0,0.9809568044588945,0.0,0.8366565429816453,0.4904784022294473,1114,6459,123,7450
sharedEdgeLength,continuous,<=,4.0,59.0,1.0,6.0,51,0,0,260,6199,1114,0.0,0.0,0.9597460907261186,0.0,0.8185659580087151,0.4798730453630593,1114,6459,260,7313,0,219,6240,1114,0.0,0.0,0.9660938225731538,0.0,0.8239799286940447,0.4830469112865769,1114,6459,219,7354
sharedEdgeLength,continuous,<=,4.0,59.0,1.0,7.0,51,0,0,381,6078,1114,0.0,0.0,0.9410125406409661,0.0,0.8025881420837184,0.47050627032048303,1114,6459,381,7192,0,306,6153,1114,0.0,0.0,0.9526242452392011,0.0,0.8124917469959065,0.47631212261960054,1114,6459,306,7267
sharedEdgeLength,continuous,<=,4.0,59.0,1.0,8.0,51,0,0,535,5924,1114,0.0,0.0,0.9171698405325902,0.0,0.782252739997359,0.4585849202662951,1114,6459,535,7038,0,401,6058,1114,0.0,0.0,0.9379160860814367,0.0,0.7999471807738017,0.46895804304071836,1114,6459,401,7172
sharedEdgeLength,continuous,<=,4.0,59.0,1.0,9.0,51,0,0,732,5727,1114,0.0,0.0,0.8866697631212263,0.0,0.7562392710946785,0.4433348815606131,1114,6459,732,6841,0,501,5958,1114,0.0,0.0,0.92243381328379,0.0,0.7867423742242177,0.461216906641895,1114,6459,501,7072
sharedEdgeLength,continuous,<=,4.0,59.0,1.0,10.0,51,0,0,935,5524,1114,0.0,0.0,0.8552407493420034,0.0,0.7294335137990229,0.4276203746710017,1114,6459,935,6638,0,580,5879,1114,0.0,0.0,0.9102028177736492,0.0,0.7763105770500462,0.4551014088868246,1114,6459,580,6993
sharedEdgeLength,continuous,<=,4.0,59.0,1.0,11.0,51,0,0,1160,5299,1114,0.0,0.0,0.8204056355472984,0.0,0.6997226990624588,0.4102028177736492,1114,6459,1160,6413,0,668,5791,1114,0.0,0.0,0.8965784177117201,0.0,0.7646903472864123,0.44828920885586004,1114,6459,668,6905
sharedEdgeLength,continuous,<=,4.0,59.0,1.0,12.0,51,0,0,1386,5073,1114,0.0,0.0,0.7854156990246168,0.0,0.6698798362603988,0.3927078495123084,1114,6459,1386,6187,0,750,5709,1114,0.0,0.0,0.8838829540176498,0.0,0.7538624059157534,0.4419414770088249,1114,6459,750,6823
sharedEdgeLength,continuous,<=,4.0,59.0,1.0,13.0,51,0,3,1675,4784,1111,0.0017878426698450535,0.0026929982046678637,0.7406719306394178,0.0021489971346704876,0.6321140895285884,0.37168246442204284,1114,6459,1678,5895,2,805,5654,1112,0.0024783147459727386,0.0017953321364452424,0.8753677039789441,0.002082248828735034,0.7468638584444738,0.4385815180576947,1114,6459,807,6766
sharedEdgeLength,continuous,<=,4.0,59.0,1.0,14.0,51,0,8,1983,4476,1106,0.004018081366147665,0.00718132854578097,0.692986530422666,0.005152979066022545,0.5921035256833488,0.3500839294842235,1114,6459,1991,5582,3,872,5587,1111,0.0034285714285714284,0.0026929982046678637,0.8649945812045208,0.0030165912518853692,0.7381486861217483,0.4338437897045943,1114,6459,875,6698
sharedEdgeLength,continuous,<=,4.0,59.0,1.0,15.0,51,0,12,2310,4149,1102,0.00516795865633075,0.010771992818671455,0.6423594983743613,0.006984866123399301,0.5494520005281922,0.3265657455965164,1114,6459,2322,5251,4,922,5537,1110,0.004319654427645789,0.003590664272890485,0.8572534448056974,0.00392156862745098,0.7316783309124522,0.43042205453929394,1114,6459,926,6647
sharedEdgeLength,continuous,<=,4.0,59.0,1.0,16.0,51,0,15,2597,3862,1099,0.005742725880551302,0.013464991023339317,0.5979253754451154,0.008051529790660225,0.5119503499273735,0.30569518323422734,1114,6459,2612,4961,3,971,5488,1111,0.003080082135523614,0.0026929982046678637,0.8496671311348506,0.002873563218390805,0.7250759276376602,0.4261800646697592,1114,6459,974,6599
sharedEdgeLength,continuous,<=,4.0,59.0,1.0,17.0,51,0,23,2920,3539,1091,0.00781515460414543,0.02064631956912029,0.5479176343087165,0.011338427409415824,0.4703552092961838,0.28428197693891843,1114,6459,2943,4630,3,1019,5440,1111,0.0029354207436399216,0.0026929982046678637,0.8422356401919802,0.0028089887640449437,0.7187376204938598,0.422464319198324,1114,6459,1022,6551
sharedEdgeLength,continuous,<=,4.0,59.0,1.0,18.0,51,0,39,3231,3228,1075,0.011926605504587157,0.03500897666068223,0.4997677659080353,0.01779197080291971,0.43140102997491087,0.2673883712843588,1114,6459,3270,4303,6,1057,5402,1108,0.005644402634054563,0.005385996409335727,0.8363523765288744,0.005512172714745062,0.7141159382015053,0.42086918646910504,1114,6459,1063,6510
sharedEdgeLength,continuous,<=,4.0,59.0,1.0,19.0,51,0,59,3548,2911,1055,0.01635708344884946,0.05296229802513465,0.4506889611394953,0.02499470451175598,0.3921827545226462,0.25182562958231497,1114,6459,3607,3966,7,1100,5359,1107,0.006323396567299007,0.0062836624775583485,0.8296949992258864,0.006303466906798739,0.70856991945068,0.41798933085172235,1114,6459,1107,6466
sharedEdgeLength,continuous,<=,4.0,59.0,1.0,20.0,51,0,80,3839,2620,1034,0.02041337075784639,0.0718132854578097,0.4056355472983434,0.03179018478044904,0.3565297768387693,0.23872441637807654,1114,6459,3919,3654,8,1126,5333,1106,0.007054673721340388,0.00718132854578097,0.8256696082984982,0.007117437722419929,0.705268717813284,0.4164254684221396,1114,6459,1134,6439
sharedEdgeLength,continuous,<=,4.0,59.0,1.0,21.0,51,0,110,4088,2371,1004,0.026202953787517864,0.09874326750448834,0.3670846880322031,0.04141566265060241,0.32761125049518025,0.23291397776834571,1114,6459,4198,3375,12,1153,5306,1102,0.010300429184549357,0.010771992818671455,0.8214893946431336,0.010530934620447564,0.7022316123068797,0.41613069373090256,1114,6459,1165,6408
sharedEdgeLength,continuous,<=,4.0,59.0,1.0,22.0,51,0,138,4357,2102,976,0.030700778642936598,0.12387791741472172,0.3254373742065335,0.04920663219825281,0.2957876667106827,0.2246576458106276,1114,6459,4495,3078,13,1178,5281,1101,0.0109151973131822,0.011669658886894075,0.817618826443722,0.011279826464208245,0.6990624587349795,0.414644242665308,1114,6459,1191,6382
sharedEdgeLength,continuous,<=,4.0,59.0,1.0,23.0,51,0,184,4552,1907,930,0.03885135135135135,0.1651705565529623,0.29524694225112247,0.06290598290598291,0.27611250495180245,0.2302087494020424,1114,6459,4736,2837,16,1204,5255,1098,0.013114754098360656,0.01436265709156194,0.8135934355163338,0.013710368466152527,0.6960253532285752,0.41397804630394786,1114,6459,1220,6353
sharedEdgeLength,continuous,<=,4.0,59.0,1.0,24.0,51,0,218,4747,1712,896,0.04390735146022155,0.19569120287253142,0.2650565102957114,0.07172232275045239,0.25485276640697213,0.2303738565841214,1114,6459,4965,2608,20,1226,5233,1094,0.016051364365971106,0.017953321364452424,0.8101873355008515,0.016949152542372878,0.6936484880496501,0.41407032843265196,1114,6459,1246,6327
sharedEdgeLength,continuous,<=,4.0,59.0,1.0,25.0,51,0,263,4962,1497,851,0.05033492822966507,0.23608617594254938,0.231769623780771,0.0829783877583215,0.23240459527267926,0.23392789986166018,1114,6459,5225,2348,24,1246,5213,1090,0.01889763779527559,0.02154398563734291,0.8070908809413222,0.020134228187919465,0.6915357190017166,0.41431743328933257,1114,6459,1270,6303
sharedEdgeLength,continuous,<=,4.0,59.0,1.0,26.0,51,0,302,5124,1335,812,0.05565794323626981,0.2710951526032316,0.20668834184858337,0.09235474006116207,0.21616268321669088,0.23889174722590747,1114,6459,5426,2147,30,1264,5195,1084,0.023183925811437404,0.026929982046678635,0.8043040718377458,0.024916943521594688,0.6899511422157666,0.4156170269422122,1114,6459,1294,6279
sharedEdgeLength,continuous,<=,4.0,59.0,1.0,27.0,51,0,370,5286,1173,744,0.06541725601131541,0.33213644524236985,0.18160705991639572,0.10930576070901032,0.20375016506008187,0.2568717525793828,1114,6459,5656,1917,34,1281,5178,1080,0.02585551330798479,0.03052064631956912,0.8016720854621459,0.027995059695347883,0.6882345173643206,0.41609636589085747,1114,6459,1315,6258
sharedEdgeLength,continuous,<=,4.0,59.0,1.0,28.0,51,0,413,5434,1025,701,0.07063451342568838,0.37073608617594256,0.15869329617587863,0.11866111190920844,0.18988511818301862,0.2647146911759106,1114,6459,5847,1726,36,1292,5167,1078,0.02710843373493976,0.03231597845601436,0.7999690354544047,0.02948402948402948,0.6870460847748581,0.4161425069552095,1114,6459,1328,6245
sharedEdgeLength,continuous,<=,4.0,59.0,1.0,29.0,51,0,473,5569,890,641,0.07828533598146309,0.4245960502692998,0.13779222789905557,0.13219675796534378,0.1799815132708306,0.2811941390841777,1114,6459,6042,1531,41,1300,5159,1073,0.030574198359433258,0.03680430879712747,0.7987304536305929,0.033401221995926676,0.6866499405783705,0.4177673812138602,1114,6459,1341,6232
sharedEdgeLength,continuous,<=,4.0,59.0,1.0,30.0,51,0,523,5680,779,591,0.0843140415927777,0.46947935368043087,0.12060690509366775,0.14295476288096215,0.1719265812755843,0.2950431293870493,1114,6459,6203,1370,43,1310,5149,1071,0.031781226903178125,0.03859964093357271,0.7971822263508282,0.03486015403323875,0.6855935560544038,0.4178909336422005,1114,6459,1353,6220
sharedEdgeLength,continuous,<=,4.0,59.0,1.0,31.0,51,0,566,5772,687,548,0.08930261912275166,0.5080789946140036,0.1063632141198328,0.15190552871712293,0.16545622606628813,0.3072211043669182,1114,6459,6338,1235,45,1318,5141,1069,0.03301540719002201,0.04039497307001795,0.7959436445270166,0.03633427533306419,0.6848012676614288,0.41816930879851727,1114,6459,1363,6210
sharedEdgeLength,continuous,<=,4.0,59.0,1.0,32.0,51,0,613,5856,603,501,0.0947596228165095,0.5502692998204668,0.09335810496980956,0.16167743637082949,0.16057044764294204,0.3218137023951382,1114,6459,6469,1104,47,1326,5133,1067,0.03423160961398398,0.0421903052064632,0.7947050627032048,0.03779654201849618,0.6840089792684537,0.418447683954834,1114,6459,1373,6200
sharedEdgeLength,continuous,<=,4.0,59.0,1.0,33.0,51,0,663,5942,517,451,0.10037850113550341,0.5951526032315978,0.08004335036383341,0.17178390983287992,0.15581671728509178,0.3375979767977156,1114,6459,6605,968,48,1333,5126,1066,0.03475742215785663,0.04308797127468582,0.7936213036073696,0.038476953907815636,0.6832166908754786,0.4183546374410277,1114,6459,1381,6192
sharedEdgeLength,continuous,<=,4.0,59.0,1.0,34.0,51,0,715,6011,448,399,0.10630389533154921,0.6418312387791741,0.0693605821334572,0.18239795918367346,0.15357190017166247,0.35559591045631567,1114,6459,6726,847,47,1342,5117,1067,0.033837293016558675,0.0421903052064632,0.7922278990555813,0.03755493407910507,0.6818962102205203,0.41720910213102225,1114,6459,1389,6184
sharedEdgeLength,continuous,<=,4.0,59.0,1.0,35.0,51,0,762,6063,396,352,0.11164835164835164,0.6840215439856373,0.06130980027868091,0.19196372339085527,0.15291165984418328,0.3726656721321591,1114,6459,6825,748,50,1346,5113,1064,0.03581661891117478,0.04488330341113106,0.7916086081436755,0.0398406374501992,0.6817641621550244,0.4182459557774033,1114,6459,1396,6177
sharedEdgeLength,continuous,<=,4.0,59.0,1.0,36.0,51,0,793,6105,354,321,0.11496085821977385,0.7118491921005387,0.0548072457036693,0.1979530703944084,0.15145913112372902,0.383328218902104,1114,6459,6898,675,56,1346,5113,1058,0.039942938659058486,0.05026929982046679,0.7916086081436755,0.04451510333863274,0.6825564505479995,0.42093895398207115,1114,6459,1402,6171
sharedEdgeLength,continuous,<=,4.0,59.0,1.0,37.0,51,0,828,6157,302,286,0.11853972798854688,0.7432675044883303,0.046756463848893016,0.20446968761575504,0.14921431401029975,0.39501198416861166,1114,6459,6985,588,59,1349,5110,1055,0.04190340909090909,0.05296229802513465,0.7911441399597461,0.04678826328310864,0.6825564505479995,0.42205321899244036,1114,6459,1408,6165
sharedEdgeLength,continuous,<=,4.0,59.0,1.0,38.0,51,0,864,6189,270,250,0.12250106337728627,0.7755834829443446,0.04180213655364608,0.21158320068568628,0.1497425062722831,0.40869280974899536,1114,6459,7053,520,61,1354,5105,1053,0.0431095406360424,0.05475763016157989,0.7903700263198637,0.04824041122973507,0.6821603063515119,0.4225638282407218,1114,6459,1415,6158
sharedEdgeLength,continuous,<=,4.0,59.0,1.0,39.0,51,0,891,6222,237,223,0.12526360185575705,0.7998204667863554,0.03669298653042267,0.21660386532150236,0.14895021787930807,0.41825672665838903,1114,6459,7113,460,62,1355,5104,1052,0.043754410726887794,0.05565529622980251,0.7902152035918872,0.04899249308573687,0.6821603063515119,0.42293524991084486,1114,6459,1417,6156
sharedEdgeLength,continuous,<=,4.0,59.0,1.0,40.0,51,0,918,6270,189,196,0.12771285475792987,0.8240574506283662,0.029261495587552252,0.22115152975186703,0.14617720850389543,0.4266594731079592,1114,6459,7188,385,63,1361,5098,1051,0.04424157303370786,0.05655296229802514,0.7892862672240285,0.04964539007092199,0.6815000660240328,0.4229196147610268,1114,6459,1424,6149
sharedEdgeLength,continuous,<=,4.0,59.0,1.0,41.0,51,0,942,6287,172,172,0.1303084797344031,0.8456014362657092,0.026629509211952316,0.22581805106076952,0.1471015449623663,0.4361154727388307,1114,6459,7229,344,62,1366,5093,1052,0.04341736694677871,0.05565529622980251,0.7885121535841462,0.048780487804878044,0.6807077776310577,0.4220837249069743,1114,6459,1428,6145
sharedEdgeLength,continuous,<=,4.0,59.0,1.0,42.0,51,0,959,6318,141,155,0.13178507626769273,0.8608617594254937,0.02183000464468184,0.22857823858896434,0.14525287204542453,0.4413458820350878,1114,6459,7277,296,63,1368,5091,1051,0.0440251572327044,0.05655296229802514,0.7882025081281933,0.04950884086444008,0.6805757295655619,0.4223777352131092,1114,6459,1431,6142
sharedEdgeLength,continuous,<=,4.0,59.0,1.0,43.0,51,0,984,6329,130,130,0.13455490222890742,0.8833034111310593,0.020126954636940704,0.23353506585973655,0.1471015449623663,0.451715182884,1114,6459,7313,260,65,1371,5088,1049,0.04526462395543175,0.05834829443447038,0.7877380399442638,0.05098039215686274,0.6804436815000661,0.42304316718936713,1114,6459,1436,6137
sharedEdgeLength,continuous,<=,4.0,59.0,1.0,44.0,51,0,995,6346,113,119,0.13554011715025202,0.8931777378815081,0.017494968261340765,0.2353636901241869,0.14630925656939126,0.45533635307142445,1114,6459,7341,232,66,1374,5085,1048,0.04583333333333333,0.059245960502693,0.7872735717603344,0.05168363351605325,0.6801795853690743,0.4232597661315137,1114,6459,1440,6133
sharedEdgeLength,continuous,<=,4.0,59.0,1.0,45.0,51,0,1003,6363,96,111,0.1361661688840619,0.900359066427289,0.014862981885740827,0.2365566037735849,0.1451208239799287,0.45761102415651495,1114,6459,7366,207,66,1375,5084,1048,0.04580152671755725,0.059245960502693,0.7871187490323579,0.05166340508806262,0.6800475373035785,0.42318235476752547,1114,6459,1441,6132
sharedEdgeLength,continuous,<=,4.0,59.0,1.0,46.0,51,0,1018,6378,81,96,0.1376419686316928,0.9138240574506283,0.012540640966093822,0.23924794359576967,0.1451208239799287,0.4631823492083611,1114,6459,7396,177,67,1377,5082,1047,0.046398891966759004,0.06014362657091562,0.786809103576405,0.05238467552775606,0.6799154892380826,0.4234763650736603,1114,6459,1444,6129
sharedEdgeLength,continuous,<=,4.0,59.0,1.0,47.0,51,0,1027,6388,71,87,0.1385030343897505,0.921903052064632,0.010992413686329153,0.24082541915816627,0.14498877591443285,0.4664477328754806,1114,6459,7415,158,70,1377,5082,1044,0.04837595024187975,0.06283662477558348,0.786809103576405,0.054666146036704416,0.6803116334345701,0.42482286417599424,1114,6459,1447,6126
sharedEdgeLength,continuous,<=,4.0,59.0,1.0,48.0,51,0,1039,6393,66,75,0.13980086114101184,0.9326750448833034,0.010218300046446818,0.24315469225368594,0.14591311237290375,0.47144667246487515,1114,6459,7432,141,72,1377,5082,1042,0.049689440993788817,0.06463195691202872,0.786809103576405,0.05618415918845103,0.6805757295655619,0.42572053024421685,1114,6459,1449,6124
sharedEdgeLength,continuous,<=,4.0,59.0,1.0,49.0,51,0,1042,6399,60,72,0.1400349415401156,0.9353680430879713,0.009289363678588018,0.2436002337814144,0.1455169681764162,0.47232870338327965,1114,6459,7441,132,74,1378,5081,1040,0.05096418732782369,0.06642728904847396,0.7866542808484286,0.05767731878409977,0.6807077776310577,0.42654078494845127,1114,6459,1452,6121
sharedEdgeLength,continuous,<=,4.0,59.0,1.0,50.0,51,0,1049,6407,52,65,0.1406920600858369,0.9416517055655296,0.008050781854776281,0.24480746791131855,0.14538492011092038,0.4748512437101529,1114,6459,7456,117,74,1381,5078,1040,0.05085910652920962,0.06642728904847396,0.7861898126644992,0.057609964966913195,0.6803116334345701,0.42630855085648656,1114,6459,1455,6118
sharedEdgeLength,continuous,<=,4.0,59.0,1.0,51.0,51,0,1053,6415,44,61,0.1410016068559186,0.9452423698384201,0.006812200030964545,0.24539734327662546,0.14485672784893702,0.4760272849346923,1114,6459,7468,105,75,1381,5078,1039,0.05151098901098901,0.06732495511669659,0.7861898126644992,0.05836575875486381,0.6804436815000661,0.42675738389059786,1114,6459,1456,6117
sharedEdgeLength,continuous,<=,4.0,59.0,1.0,52.0,51,0,1059,6420,39,55,0.1415964701163257,0.9506283662477558,0.006038086391082211,0.24647969277318746,0.14498877591443285,0.478333226319419,1114,6459,7479,94,76,1384,5075,1038,0.052054794520547946,0.06822262118491922,0.7857253444805697,0.059052059052059055,0.6801795853690743,0.42697398283274446,1114,6459,1460,6113
sharedEdgeLength,continuous,<=,4.0,59.0,1.0,53.0,51,0,1062,6426,33,52,0.14182692307692307,0.9533213644524237,0.005109150023223409,0.246919321088119,0.14459263171794534,0.47921525723782354,1114,6459,7488,85,79,1383,5076,1035,0.054035567715458276,0.07091561938958707,0.7858801672085463,0.06133540372670807,0.6807077776310577,0.42839789329906663,1114,6459,1462,6111
sharedEdgeLength,continuous,<=,4.0,59.0,1.0,54.0,51,0,1065,6433,26,49,0.14203787676713792,0.9560143626570916,0.0040253909273881405,0.24732930794240596,0.14406443945596198,0.4800198767922399,1114,6459,7498,75,79,1384,5075,1035,0.053998632946001365,0.07091561938958707,0.7857253444805697,0.061311602638727196,0.6805757295655619,0.42832048193507843,1114,6459,1463,6110
sharedEdgeLength,continuous,<=,4.0,59.0,1.0,55.0,51,0,1071,6437,22,43,0.142647842301545,0.9614003590664273,0.0034061000154822726,0.24843423799582462,0.14432853558695366,0.48240322954095477,1114,6459,7508,65,83,1383,5076,1031,0.056616643929058665,0.07450628366247755,0.7858801672085463,0.06434108527131782,0.681235969893041,0.4301932254355119,1114,6459,1466,6107
sharedEdgeLength,continuous,<=,4.0,59.0,1.0,56.0,51,0,1076,6438,21,38,0.14319936119244078,0.9658886894075404,0.003251277287505806,0.24942049142327305,0.14485672784893702,0.4845699833475231,1114,6459,7514,59,83,1384,5075,1031,0.05657805044308112,0.07450628366247755,0.7857253444805697,0.06431615652847733,0.6811039218275452,0.43011581407152366,1114,6459,1467,6106
sharedEdgeLength,continuous,<=,4.0,59.0,1.0,57.0,51,0,1077,6442,17,37,0.14323713259741988,0.966786355475763,0.002631986375599938,0.24950770300011585,0.1444605836524495,0.48470917092568144,1114,6459,7519,54,83,1384,5075,1031,0.05657805044308112,0.07450628366247755,0.7857253444805697,0.06431615652847733,0.6811039218275452,0.43011581407152366,1114,6459,1467,6106
sharedEdgeLength,continuous,<=,4.0,59.0,1.0,58.0,51,0,1079,6446,13,35,0.14338870431893688,0.9685816876122083,0.0020126954636940702,0.24979743025813173,0.1441964875214578,0.4852971915379512,1114,6459,7525,48,87,1383,5076,1027,0.05918367346938776,0.07809694793536805,0.7858801672085463,0.06733746130030961,0.6817641621550244,0.43198855757195714,1114,6459,1470,6103
sharedEdgeLength,continuous,<=,4.0,59.0,1.0,59.0,51,0,1081,6448,11,33,0.14357816443086732,0.9703770197486535,0.0017030500077411363,0.25014462570866597,0.1441964875214578,0.48604003487819736,1114,6459,7529,44,87,1384,5075,1027,0.05914343983684568,0.07809694793536805,0.7857253444805697,0.06731141199226306,0.6816321140895286,0.4319111462079689,1114,6459,1471,6102
