file,order,feature,feature_type,op,best_threshold,best_mwm_f1,best_mwm_precision,best_mwm_recall,best_mwm_specificity,best_mwm_accuracy,best_mwm_balanced_accuracy,best_mwm_TP,best_mwm_FP,best_mwm_TN,best_mwm_FN,best_threshold_only_threshold,best_threshold_only_f1,best_threshold_only_precision,best_threshold_only_recall,n_analyzed_rows,skipped_exception,skipped_missing_observed
001_areaRatio__ge.csv,1,areaRatio,ratio,>=,0.0,0.3114241001564945,0.27600554785020803,0.35727109515260325,0.8383650719925685,0.7675954047273208,0.5978180835725859,398,1044,5415,716,0.45,0.27056463169962736,0.16098226466575716,0.8473967684021544,7573,51,0
001_areaRatio__le.csv,1,areaRatio,ratio,<=,0.98,0.19337231968810914,0.17091660923501034,0.22262118491921004,0.8137482582443103,0.726792552489106,0.5181847215817602,248,1203,5256,866,1.0,0.25647519281685277,0.1471015449623663,1.0,7573,51,0
002_areaMean__ge.csv,2,areaMean,continuous,>=,300.0,0.21244550138723742,0.19020581973030518,0.24057450628366248,0.8233472673788512,0.7376204938597649,0.5319608868312569,268,1141,5318,846,300.0,0.2484054273454714,0.14262884538553736,0.9614003590664273,7573,51,0
002_areaMean__le.csv,2,areaMean,continuous,<=,1050.0,0.35966219572776953,0.40266963292547275,0.3249551166965889,0.9168601950766373,0.8297900435758616,0.6209076558866131,362,537,5922,752,850.0,0.33071690214547356,0.23338257016248154,0.5673249551166966,7573,51,0
003_areaMin__ge.csv,3,areaMin,continuous,>=,100.0,0.2877526753864447,0.2576295244854507,0.3258527827648115,0.8380554265366156,0.7627096263039747,0.5819541046507135,363,1046,5413,751,100.0,0.25485212569316085,0.14624767966056748,0.9901256732495511,7573,51,0
003_areaMin__le.csv,3,areaMin,continuous,<=,1800.0,0.1934978456717587,0.17164697706740792,0.22172351885098743,0.8154513082520514,0.7281130331440644,0.5185874135515194,247,1192,5267,867,750.0,0.2845594179466451,0.18362023995826812,0.6319569120287253,7573,51,0
004_areaMax__ge.csv,4,areaMax,continuous,>=,450.0,0.18413926499032882,0.1617946974847043,0.21364452423698385,0.8091035764050163,0.7215106298692724,0.511374050321,238,1233,5226,876,350.0,0.2503181029496819,0.14367281901473908,0.9712746858168761,7573,51,0
004_areaMax__le.csv,4,areaMax,continuous,<=,1450.0,0.39347234814143245,0.3974358974358974,0.3895870736086176,0.8981266449914848,0.8233196883665654,0.6438568593000512,434,658,5801,680,1050.0,0.3381742738589212,0.23778264040846098,0.585278276481149,7573,51,0
005_areaDiff__ge.csv,5,areaDiff,continuous,>=,0.0,0.1654194564789287,0.14736842105263157,0.18850987432675045,0.8118903855085927,0.720190149214314,0.5002001299176716,210,1215,5244,904,0.0,0.25647519281685277,0.1471015449623663,1.0,7573,51,0
005_areaDiff__le.csv,5,areaDiff,continuous,<=,2050.0,0.35808197989172474,0.31453804347826086,0.4156193895870736,0.8437838674717448,0.7808002112769048,0.6297016285294093,463,1009,5450,651,350.0,0.3057942278034809,0.20262773722627736,0.6229802513464991,7573,51,0
006_perimeterRatio__ge.csv,6,perimeterRatio,ratio,>=,0.14,0.3496719413353917,0.3067027758970887,0.4066427289048474,0.8414615265520978,0.7774990096395088,0.6240521277284726,453,1024,5435,661,0.77,0.28537536010845616,0.17589304365991226,0.755834829443447,7573,51,0
006_perimeterRatio__le.csv,6,perimeterRatio,ratio,<=,1.0,0.14666666666666664,0.13022284122562675,0.16786355475763015,0.8066264127573928,0.7126634094810511,0.48724498375751146,187,1249,5210,927,1.0,0.25647519281685277,0.1471015449623663,1.0,7573,51,0
007_perimeterMean__ge.csv,7,perimeterMean,continuous,>=,70.0,0.24299802761341224,0.21674876847290642,0.2764811490125673,0.8276823037621923,0.7465997623134821,0.5520817263873798,308,1113,5346,806,70.0,0.24840394660475912,0.1426476469804026,0.9605026929982047,7573,51,0
007_perimeterMean__le.csv,7,perimeterMean,continuous,<=,120.0,0.3580645161290323,0.44638069705093836,0.2989228007181329,0.9360582133457191,0.8423346097979665,0.617490507031926,333,413,6046,781,114.0,0.3182669162877775,0.22666666666666666,0.5341113105924596,7573,51,0
008_perimeterMin__ge.csv,8,perimeterMin,continuous,>=,52.0,0.3271726307510814,0.29111266620014,0.3734290843806104,0.843164576559839,0.774065759936617,0.6082968304702248,416,1013,5446,698,52.0,0.2537988632409233,0.1457306513920341,0.9820466786355476,7573,51,0
008_perimeterMin__le.csv,8,perimeterMin,continuous,<=,220.0,0.18518518518518517,0.16238159675236807,0.21543985637342908,0.808329462765134,0.7211144856727849,0.5118846595692815,240,1238,5221,874,114.0,0.27667235171498955,0.17535431179437905,0.6552962298025135,7573,51,0
009_perimeterMax__ge.csv,9,perimeterMax,continuous,>=,96.0,0.17214397496087636,0.15256588072122051,0.19748653500897667,0.8108066264127574,0.7205862934108015,0.504146580710867,220,1222,5237,894,78.0,0.2482022732544653,0.14251465103889185,0.9605026929982047,7573,51,0
009_perimeterMax__le.csv,9,perimeterMax,continuous,<=,152.0,0.4099099099099099,0.41139240506329117,0.40843806104129265,0.89921040408732,0.8270170342004489,0.6538242325643063,455,651,5808,659,120.0,0.3359123146357189,0.2620724346076459,0.46768402154398564,7573,51,0
010_perimeterDiff__ge.csv,10,perimeterDiff,continuous,>=,4.0,0.1391234418978689,0.1260014566642389,0.15529622980251345,0.8142127264282397,0.7172850917734055,0.4847544781153766,173,1200,5259,941,0.0,0.25647519281685277,0.1471015449623663,1.0,7573,51,0
010_perimeterDiff__le.csv,10,perimeterDiff,continuous,<=,122.0,0.35907335907335913,0.3150406504065041,0.41741472172351884,0.8434742220157919,0.7808002112769048,0.6304444718696554,465,1011,5448,649,30.0,0.3032670454545454,0.18902169101372288,0.7666068222621185,7573,51,0
011_aspectRatio__ge.csv,11,aspectRatio,ratio,>=,0.33,0.3142087023488641,0.275118004045853,0.36624775583482944,0.8335655674252981,0.7648223953519081,0.5999066616300638,408,1075,5384,706,0.78,0.2789513108614232,0.16741593238626146,0.8357271095152603,7573,51,0
011_aspectRatio__le.csv,11,aspectRatio,ratio,<=,1.0,0.20730270906949352,0.18422889043963714,0.236983842010772,0.8190122309955101,0.733394955763898,0.527998036503141,264,1169,5290,850,1.0,0.25647519281685277,0.1471015449623663,1.0,7573,51,0
012_aspectMean__ge.csv,12,aspectMean,continuous,>=,1.03,0.24596774193548385,0.2232796486090776,0.2737881508078995,0.8357330856169686,0.7530701175227783,0.554760618212434,305,1061,5398,809,1.02,0.255803156917363,0.14689416155691815,0.9892280071813285,7573,51,0
012_aspectMean__le.csv,12,aspectMean,continuous,<=,1.78,0.2788499409216227,0.24842105263157896,0.3177737881508079,0.8341848583372039,0.7582199920771161,0.5759793232440059,354,1071,5388,760,1.21,0.26131779471089195,0.1741338112305854,0.5233393177737882,7573,51,0
013_aspectMin__ge.csv,13,aspectMin,continuous,>=,1.0,0.28537074148296593,0.25778421433743665,0.31956912028725315,0.8413067038241214,0.7645582992209164,0.5804379120556873,356,1025,5434,758,1.0,0.25647519281685277,0.1471015449623663,1.0,7573,51,0
013_aspectMin__le.csv,13,aspectMin,continuous,<=,1.63,0.21571648690292758,0.18893387314439947,0.2513464991023339,0.8139030809722867,0.7311501386504687,0.5326247900373103,280,1202,5257,834,1.68,0.2527293844367015,0.14514407684098185,0.9766606822262118,7573,51,0
014_aspectMax__ge.csv,14,aspectMax,continuous,>=,1.08,0.21223857474825716,0.18664850136239783,0.2459605026929982,0.8151416627960985,0.7314142347814605,0.5305510827445483,274,1194,5265,840,1.02,0.2562680531484691,0.14706272377668744,0.9955116696588869,7573,51,0
014_aspectMax__le.csv,14,aspectMax,continuous,<=,2.22,0.3168548073180226,0.2797250859106529,0.3653500897666068,0.8377457810806627,0.7682556450547999,0.6015479354236347,407,1048,5411,707,1.4,0.26486581301526047,0.1645955962502725,0.677737881508079,7573,51,0
015_aspectDiff__ge.csv,15,aspectDiff,continuous,>=,0.0,0.1869085173501577,0.16666666666666666,0.2127468581687612,0.8165350673478867,0.7277168889475769,0.5146409627583239,237,1185,5274,877,0.0,0.25647519281685277,0.1471015449623663,1.0,7573,51,0
015_aspectDiff__le.csv,15,aspectDiff,continuous,<=,0.6,0.3092053501180173,0.27521008403361347,0.3527827648114901,0.8397584765443568,0.7681235969893041,0.5962706206779235,393,1035,5424,721,0.24,0.2761477390403866,0.17094017094017094,0.718132854578097,7573,51,0
016_circularityRatio__ge.csv,16,circularityRatio,ratio,>=,0.43,0.2708333333333333,0.2374830852503383,0.31508078994614,0.8255147855705217,0.7504291562128614,0.5702977877583308,351,1127,5332,763,0.47,0.25656379548595115,0.14715984147952443,1.0,7573,51,0
016_circularityRatio__le.csv,16,circularityRatio,ratio,<=,1.0,0.23110066588327458,0.2050034746351633,0.26481149012567323,0.8228827991949218,0.7407896474316651,0.5438471446602975,295,1144,5315,819,1.0,0.25647519281685277,0.1471015449623663,1.0,7573,51,0
017_circularityMean__ge.csv,17,circularityMean,ratio,>=,0.06,0.2507692307692308,0.2193808882907133,0.2926391382405745,0.8204056355472984,0.7427703684141027,0.5565223868939364,326,1160,5299,788,0.0,0.25647519281685277,0.1471015449623663,1.0,7573,51,0
017_circularityMean__le.csv,17,circularityMean,ratio,<=,0.84,0.31063829787234043,0.2953074433656958,0.3276481149012567,0.8651494039324973,0.7860821338967384,0.596398759416877,365,871,5588,749,0.78,0.2751643904906424,0.19154929577464788,0.4883303411131059,7573,51,0
018_circularityMin__ge.csv,18,circularityMin,ratio,>=,0.34,0.27269215913480105,0.2393220338983051,0.31687612208258525,0.826288899210404,0.7513534926713323,0.5715825106464947,353,1122,5337,761,0.0,0.25647519281685277,0.1471015449623663,1.0,7573,51,0
018_circularityMin__le.csv,18,circularityMin,ratio,<=,0.87,0.2507692307692308,0.2193808882907133,0.2926391382405745,0.8204056355472984,0.7427703684141027,0.5565223868939364,326,1160,5299,788,0.77,0.27262090483619345,0.1741405082212257,0.6274685816876122,7573,51,0
019_circularityMax__ge.csv,19,circularityMax,ratio,>=,0.43,0.24769230769230766,0.21668909825033647,0.289048473967684,0.8197863446353925,0.741713983890136,0.5544174093015383,322,1164,5295,792,0.54,0.2565047202394658,0.14712097200211305,1.0,7573,51,0
019_circularityMax__le.csv,19,circularityMax,ratio,<=,0.87,0.27967479674796747,0.2555720653789004,0.3087971274685817,0.8448676265675801,0.7660108279413707,0.5768323770180809,344,1002,5457,770,0.83,0.2786129484866707,0.17935483870967742,0.6238779174147218,7573,51,0
020_circularityDiff__ge.csv,20,circularityDiff,ratio,>=,0.0,0.21968503937007872,0.1956521739130435,0.2504488330341113,0.8224183310109924,0.7382807341872442,0.5364335820225519,279,1147,5312,835,0.0,0.25647519281685277,0.1471015449623663,1.0,7573,51,0
020_circularityDiff__le.csv,20,circularityDiff,ratio,<=,0.47,0.2729375481881265,0.2391891891891892,0.3177737881508079,0.8256696082984982,0.7509573484748449,0.5717216982246531,354,1126,5333,760,0.42,0.25656379548595115,0.14715984147952443,1.0,7573,51,0
021_solidityRatio__ge.csv,21,solidityRatio,ratio,>=,0.98,0.2849271940181031,0.25367904695164684,0.3249551166965889,0.8351137947050628,0.7600686649940578,0.5800344557008258,362,1065,5394,752,1.0,0.2942942942942943,0.1750297669671713,0.9236983842010772,7573,51,0
021_solidityRatio__le.csv,21,solidityRatio,ratio,<=,1.0,0.0259927797833935,0.06642066420664207,0.01615798922800718,0.9608298498219539,0.8218671596461112,0.4884939195249805,18,253,6206,1096,1.0,0.25647519281685277,0.1471015449623663,1.0,7573,51,0
022_solidityMean__ge.csv,22,solidityMean,ratio,>=,0.99,0.278792692613185,0.25,0.31508078994614,0.8369716674407803,0.7602007130595537,0.5760262286934602,351,1053,5406,763,1.0,0.2942942942942943,0.1750297669671713,0.9236983842010772,7573,51,0
022_solidityMean__le.csv,22,solidityMean,ratio,<=,1.0,0.02252252252252252,0.06880733944954129,0.013464991023339317,0.9685709862207772,0.8280734187244156,0.49101798862205825,15,203,6256,1099,1.0,0.25647519281685277,0.1471015449623663,1.0,7573,51,0
023_solidityMin__ge.csv,23,solidityMin,ratio,>=,0.98,0.2822037257233453,0.2526614620298084,0.31956912028725315,0.8369716674407803,0.7608609533870329,0.5782703938640168,356,1053,5406,758,1.0,0.2942942942942943,0.1750297669671713,0.9236983842010772,7573,51,0
023_solidityMin__le.csv,23,solidityMin,ratio,<=,1.0,0.023104693140794226,0.05904059040590406,0.01436265709156194,0.9605202043660009,0.8213389673841278,0.48744143072878143,16,255,6204,1098,1.0,0.25647519281685277,0.1471015449623663,1.0,7573,51,0
024_solidityMax__ge.csv,24,solidityMax,ratio,>=,0.94,0.24615384615384617,0.21534320323014805,0.2872531418312388,0.8194766991794395,0.7411857916281527,0.5533649205053391,320,1166,5293,794,1.0,0.2590818829575984,0.1489190277964281,0.9955116696588869,7573,51,0
024_solidityMax__le.csv,24,solidityMax,ratio,<=,0.99,0.003472222222222222,0.05263157894736842,0.0017953321364452424,0.9944263817928471,0.8484088208107752,0.4981108569646462,2,36,6423,1112,1.0,0.25647519281685277,0.1471015449623663,1.0,7573,51,0
025_solidityDiff__ge.csv,25,solidityDiff,ratio,>=,0.0,0.027436823104693142,0.07011070110701106,0.017055655296229804,0.9609846725499304,0.8221312557771029,0.48902016392308006,19,252,6207,1095,0.0,0.25647519281685277,0.1471015449623663,1.0,7573,51,0
025_solidityDiff__le.csv,25,solidityDiff,ratio,<=,0.02,0.2840283241542093,0.25280112044817926,0.3240574506283663,0.8348041492491097,0.7596725207975703,0.579430799938738,361,1067,5392,753,0.0,0.2942942942942943,0.1750297669671713,0.9236983842010772,7573,51,0
026_vertexCountRatio__ge.csv,26,vertexCountRatio,ratio,>=,0.05,0.3148148148148148,0.27604871447902574,0.36624775583482944,0.8343396810651804,0.7654826356793873,0.6002937184500049,408,1070,5389,706,0.78,0.26669118999448227,0.16770761045570207,0.6508078994614004,7573,51,0
026_vertexCountRatio__le.csv,26,vertexCountRatio,ratio,<=,1.0,0.20172009382329945,0.1786703601108033,0.23159784560143626,0.8163802446199102,0.7303578502574938,0.5239890451106732,258,1186,5273,856,1.0,0.25647519281685277,0.1471015449623663,1.0,7573,51,0
027_vertexCountMean__ge.csv,27,vertexCountMean,continuous,>=,4.5,0.17449106771915246,0.16241299303944315,0.18850987432675045,0.8323269856014863,0.7376204938597649,0.5104184299641183,210,1083,5376,904,4.5,0.24646417806631118,0.141506922257721,0.9542190305206463,7573,51,0
027_vertexCountMean__le.csv,27,vertexCountMean,continuous,<=,6.55,0.380613606047132,0.37709251101321584,0.38420107719928187,0.8905403313206379,0.8160570447642942,0.6373707042599599,428,707,5752,686,5.5,0.3805411629245826,0.28008474576271186,0.5933572710951526,7573,51,0
028_vertexCountMin__ge.csv,28,vertexCountMin,integer,>=,3.0,0.2290820471161657,0.20919881305637983,0.25314183123877915,0.8349589719770862,0.7493727716888947,0.5440504016079327,282,1066,5393,832,3.0,0.25647519281685277,0.1471015449623663,1.0,7573,51,0
028_vertexCountMin__le.csv,28,vertexCountMin,integer,<=,7.0,0.18867924528301885,0.16520566419420094,0.2199281867145422,0.808329462765134,0.721774726000264,0.5141288247398381,245,1238,5221,869,5.0,0.31363805276848755,0.19775070290534208,0.7576301615798923,7573,51,0
029_vertexCountMax__ge.csv,29,vertexCountMax,integer,>=,4.0,0.19029275808936824,0.16666666666666666,0.22172351885098743,0.8087939309490634,0.7224349663277433,0.5152587249000254,247,1235,5224,867,4.0,0.25647519281685277,0.1471015449623663,1.0,7573,51,0
029_vertexCountMax__le.csv,29,vertexCountMax,integer,<=,7.0,0.35853542558250123,0.38119312436804853,0.3384201077199282,0.9052484904784023,0.8218671596461112,0.6218342990991652,377,612,5847,737,6.0,0.3742162026586406,0.259658893143056,0.6696588868940754,7573,51,0
030_vertexCountDiff__ge.csv,30,vertexCountDiff,integer,>=,0.0,0.1742489270386266,0.1669407894736842,0.1822262118491921,0.843164576559839,0.7459395219860029,0.5126953942045156,203,1013,5446,911,0.0,0.25647519281685277,0.1471015449623663,1.0,7573,51,0
030_vertexCountDiff__le.csv,30,vertexCountDiff,integer,<=,8.0,0.31830443159922933,0.27886563133018233,0.37073608617594256,0.8346493265211333,0.7664069721378581,0.6026927063485379,413,1068,5391,701,2.0,0.2758136924803592,0.16345194546059194,0.8824057450628366,7573,51,0
031_centroidDistance__ge.csv,31,centroidDistance,continuous,>=,15.0,0.07342378292098962,0.06609195402298851,0.08258527827648116,0.7987304536305929,0.6933843919186584,0.44065786595353706,92,1300,5159,1022,15.0,0.24262827954492688,0.13933333333333334,0.9380610412926391,7573,51,0
031_centroidDistance__le.csv,31,centroidDistance,continuous,<=,29.0,0.6574119980168568,0.7342192691029901,0.5951526032315978,0.9628425452856479,0.9087547867423742,0.7789975742586228,663,240,6219,451,25.0,0.4927905004240883,0.4670418006430868,0.5215439856373429,7573,51,0
032_centroidDistanceNormalized__ge.csv,32,centroidDistanceNormalized,continuous,>=,0.7,0.0710059171597633,0.0633356790992259,0.0807899461400359,0.7939309490633225,0.6890268057572957,0.4373604476016792,90,1331,5128,1024,0.69,0.2466643462118575,0.14163890739506996,0.9542190305206463,7573,51,0
032_centroidDistanceNormalized__le.csv,32,centroidDistanceNormalized,continuous,<=,1.1,0.6207455429497569,0.5657311669128509,0.6876122082585279,0.9089642359498374,0.8764030106958933,0.7982882221041827,766,588,5871,348,0.93,0.5365668813944676,0.4642622950819672,0.6355475763016158,7573,51,0
033_unionAspectRatio__ge.csv,33,unionAspectRatio,continuous,>=,1.0,0.17940466613032982,0.16253644314868804,0.2001795332136445,0.8221086855550395,0.7306219463884854,0.511144109384342,223,1149,5310,891,1.0,0.25647519281685277,0.1471015449623663,1.0,7573,51,0
033_unionAspectRatio__le.csv,33,unionAspectRatio,continuous,<=,2.38,0.3139220979560355,0.27518593644354294,0.3653500897666068,0.8340300356092274,0.7650864914828998,0.5996900626879171,407,1072,5387,707,1.42,0.27992311724619956,0.1737904100672597,0.7190305206463196,7573,51,0
034_unionCircularity__ge.csv,34,unionCircularity,ratio,>=,0.69,0.7927765237020314,0.7974568574023615,0.7881508078994613,0.9654745316612479,0.9393899379374092,0.8768126697803547,878,223,6236,236,0.72,0.7429562201993931,0.7183570829840737,0.7692998204667864,7573,51,0
034_unionCircularity__le.csv,34,unionCircularity,ratio,<=,0.99,0.04876160990712075,0.04285714285714286,0.05655296229802514,0.782164421737111,0.6754258550112241,0.41935869201756804,63,1407,5052,1051,0.92,0.25647519281685277,0.1471015449623663,1.0,7573,51,0
035_unionConvexDeficiency__ge.csv,35,unionConvexDeficiency,ratio,>=,0.0,0.02315369261477046,0.020848310567936738,0.026032315978456014,0.789131444496052,0.6768783837316783,0.407581880237254,29,1362,5097,1085,0.0,0.25647519281685277,0.1471015449623663,1.0,7573,51,0
035_unionConvexDeficiency__le.csv,35,unionConvexDeficiency,ratio,<=,0.21,0.8953386103781883,0.8775862068965518,0.9138240574506283,0.9780151726273417,0.9685725604119899,0.945919615038985,1018,142,6317,96,0.13,0.799819657348963,0.8034420289855072,0.796229802513465,7573,51,0
036_normalizedSharedEdgeLength__ge.csv,36,normalizedSharedEdgeLength,continuous,>=,0.82,0.8109043704024232,0.7827903091060986,0.8411131059245961,0.9597460907261186,0.9422949953783177,0.9004295983253574,937,260,6199,177,0.98,0.715008431703204,0.6740858505564388,0.7612208258527827,7573,51,0
036_normalizedSharedEdgeLength__le.csv,36,normalizedSharedEdgeLength,continuous,<=,1.42,0.029874213836477988,0.026573426573426574,0.03411131059245961,0.784486762656758,0.6741053743562657,0.4092990366246088,38,1392,5067,1076,1.46,0.24434389140271495,0.14030646235842772,0.9452423698384201,7573,51,0
037_sharedEdgeLength__ge.csv,37,sharedEdgeLength,continuous,>=,16.0,0.7008,0.6320346320346321,0.7863554757630161,0.9210404087320019,0.9012280470091113,0.8536979422475091,876,510,5949,238,26.0,0.49739981645763237,0.37726218097447795,0.729802513464991,7573,51,0
037_sharedEdgeLength__le.csv,37,sharedEdgeLength,continuous,<=,58.0,0.06733746130030961,0.05918367346938776,0.07809694793536805,0.7858801672085463,0.6817641621550244,0.43198855757195714,87,1383,5076,1027,59.0,0.25014462570866597,0.14357816443086732,0.9703770197486535,7573,51,0
038_sharedEdgeUnsharedVerticesDistance__ge.csv,38,sharedEdgeUnsharedVerticesDistance,continuous,>=,13.5,0.08801571709233792,0.07826694619147449,0.10053859964093358,0.7957888217990401,0.6935164399841542,0.44816371071998684,112,1319,5140,1002,13.5,0.24387980044088642,0.14003997335109927,0.9434470377019749,7573,51,0
038_sharedEdgeUnsharedVerticesDistance__le.csv,38,sharedEdgeUnsharedVerticesDistance,continuous,<=,26.5,0.6394495412844036,0.6538461538461539,0.625673249551167,0.9428704133766836,0.8962102205202693,0.7842718314639253,697,369,6090,417,21.5,0.48119122257053293,0.42698191933240615,0.5511669658886894,7573,51,0
039_sharedEdgeUnsharedVerticesDistanceNormalized__ge.csv,39,sharedEdgeUnsharedVerticesDistanceNormalized,continuous,>=,0.6,0.09642301710730948,0.0850480109739369,0.11131059245960502,0.7934664808793931,0.6931202957876668,0.4523885366694991,124,1334,5125,990,0.59,0.24570366929865303,0.1411042944785276,0.9497307001795332,7573,51,0
039_sharedEdgeUnsharedVerticesDistanceNormalized__le.csv,39,sharedEdgeUnsharedVerticesDistanceNormalized,continuous,<=,1.12,0.5874561745227893,0.5189263592567103,0.6768402154398564,0.8917789131444496,0.860161098639905,0.7843095642921529,754,699,5760,360,0.76,0.48525135022850024,0.45166279969064194,0.5242369838420108,7573,51,0
040_centroidSharedEdgeDistance__ge.csv,40,centroidSharedEdgeDistance,continuous,>=,7.0,0.08598726114649681,0.07725321888412018,0.09694793536804308,0.8002786809103576,0.6968176416215502,0.4486133081392003,108,1290,5169,1006,7.0,0.24594343996291143,0.14120308756986957,0.952423698384201,7573,51,0
040_centroidSharedEdgeDistance__le.csv,40,centroidSharedEdgeDistance,continuous,<=,15.0,0.6307765602667937,0.6720812182741117,0.5942549371633752,0.9499922588636012,0.8976627492407236,0.7721235980134882,662,323,6136,452,12.5,0.4682508765095443,0.4136269786648314,0.5394973070017953,7573,51,0
041_centroidSharedEdgeDistanceNormalized__ge.csv,41,centroidSharedEdgeDistanceNormalized,continuous,>=,0.335,0.0858605750295392,0.07649122807017544,0.09784560143626571,0.7962532899829695,0.6935164399841542,0.44704944570961763,109,1316,5143,1005,0.335,0.24878161986539796,0.14285714285714285,0.9622980251346499,7573,51,0
041_centroidSharedEdgeDistanceNormalized__le.csv,41,centroidSharedEdgeDistanceNormalized,continuous,<=,0.55,0.6084867894315452,0.5491329479768786,0.6822262118491921,0.9033906177426846,0.870856991945068,0.7928084147959383,760,624,5835,354,0.45,0.49620060790273557,0.43017127799736493,0.5861759425493717,7573,51,0
042_sharedEdgeUnionCentroidDistance__ge.csv,42,sharedEdgeUnionCentroidDistance,continuous,>=,0.0,0.11732065001981767,0.1050390347764372,0.13285457809694792,0.8047685400216752,0.7059289581407633,0.46881155905931154,148,1261,5198,966,0.0,0.25647519281685277,0.1471015449623663,1.0,7573,51,0
042_sharedEdgeUnionCentroidDistance__le.csv,42,sharedEdgeUnionCentroidDistance,continuous,<=,24.5,0.36482838411106827,0.3198106828938472,0.4245960502692998,0.8442483356556743,0.7825168361283508,0.634422192962487,473,1006,5453,641,7.0,0.30311096323407083,0.18603226465182765,0.8177737881508079,7573,51,0
043_sharedEdgeUnionCentroidDistanceNormalized__ge.csv,43,sharedEdgeUnionCentroidDistanceNormalized,continuous,>=,0.0,0.11955661124307204,0.10694050991501416,0.1355475763016158,0.8047685400216752,0.7063251023372508,0.47015805816164546,151,1261,5198,963,0.0,0.25647519281685277,0.1471015449623663,1.0,7573,51,0
043_sharedEdgeUnionCentroidDistanceNormalized__le.csv,43,sharedEdgeUnionCentroidDistanceNormalized,continuous,<=,0.69,0.358278402481582,0.315358361774744,0.414721723518851,0.8447128038396037,0.781460451604384,0.6297172636792273,462,1003,5456,652,0.21,0.2828353022932592,0.17535545023696683,0.7307001795332136,7573,51,0
044_sharedEdgeUnionAxisAngleDegrees__ge.csv,44,sharedEdgeUnionAxisAngleDegrees,angle,>=,0.0,0.20308880308880312,0.17818428184281843,0.23608617594254938,0.8122000309645456,0.7274527928165853,0.5241431034535475,263,1213,5246,851,0.0,0.25647519281685277,0.1471015449623663,1.0,7573,51,0
044_sharedEdgeUnionAxisAngleDegrees__le.csv,44,sharedEdgeUnionAxisAngleDegrees,angle,<=,178.0,0.33410315627405696,0.29245283018867924,0.3895870736086176,0.8374361356247098,0.7715568466921959,0.6135116046166637,434,1050,5409,680,52.0,0.27039448487169665,0.23580494321977288,0.31687612208258525,7573,51,0
045_junctionAngleAverageDegrees__ge.csv,45,junctionAngleAverageDegrees,angle,>=,145.0,0.9325486645540968,0.9406392694063926,0.9245960502692998,0.9899365226815297,0.9803248382411198,0.9572662864754147,1030,65,6394,84,146.0,0.8672199170124482,0.8063271604938271,0.9380610412926391,7573,51,0
045_junctionAngleAverageDegrees__le.csv,45,junctionAngleAverageDegrees,angle,<=,180.0,0.017275225755791126,0.015352407536636426,0.019748653500897665,0.7815451308252052,0.6694836920639112,0.40064689216305144,22,1411,5048,1092,179.0,0.25647519281685277,0.1471015449623663,1.0,7573,51,0
046_junctionAngleMaxDegrees__ge.csv,46,junctionAngleMaxDegrees,angle,>=,147.0,0.8192771084337349,0.7867768595041322,0.8545780969479354,0.9600557361820715,0.944539812491747,0.9073169165650035,952,258,6201,162,160.0,0.7211690363349131,0.6438645980253879,0.8195691202872532,7573,51,0
046_junctionAngleMaxDegrees__le.csv,46,junctionAngleMaxDegrees,angle,<=,180.0,0.026994839221913453,0.024199288256227757,0.03052064631956912,0.7877380399442638,0.676350191469695,0.40912934313191646,34,1371,5088,1080,180.0,0.25647519281685277,0.1471015449623663,1.0,7573,51,0
047_junctionAngleMinDegrees__ge.csv,47,junctionAngleMinDegrees,angle,>=,129.0,0.9201053555750659,0.9003436426116839,0.940754039497307,0.9820405635547298,0.975967252079757,0.9613973015260184,1048,116,6343,66,140.0,0.8478452066842568,0.8310344827586207,0.8653500897666068,7573,51,0
047_junctionAngleMinDegrees__le.csv,47,junctionAngleMinDegrees,angle,<=,178.0,0.01647058823529412,0.014623955431754874,0.018850987432675045,0.7809258399132992,0.6688234517364321,0.3998884136729871,21,1415,5044,1093,179.0,0.25647519281685277,0.1471015449623663,1.0,7573,51,0
048_junctionAngleDifferenceDegrees__ge.csv,48,junctionAngleDifferenceDegrees,angle,>=,0.0,0.0753646677471637,0.06868537666174299,0.08348294434470377,0.8047685400216752,0.698666314538492,0.44412574218318945,93,1261,5198,1021,0.0,0.25647519281685277,0.1471015449623663,1.0,7573,51,0
048_junctionAngleDifferenceDegrees__le.csv,48,junctionAngleDifferenceDegrees,angle,<=,133.0,0.4069230769230769,0.35598923283983847,0.4748653500897666,0.8518346493265211,0.796381883005414,0.6633499997081438,529,957,5502,585,21.0,0.3311713086608165,0.21027131782945738,0.7791741472172352,7573,51,0
049_junctionAngleRatio__ge.csv,49,junctionAngleRatio,ratio,>=,0.67,0.45355191256830607,0.40124309392265195,0.5215439856373429,0.8657686948444031,0.8151327083058233,0.6936563402408731,581,867,5592,533,0.89,0.3955773955773955,0.2723274695534506,0.72262118491921,7573,51,0
049_junctionAngleRatio__le.csv,49,junctionAngleRatio,ratio,<=,1.0,0.04959349593495934,0.045319465081723624,0.05475763016157989,0.8010527945502399,0.691271622870725,0.4279052123559099,61,1285,5174,1053,1.0,0.25647519281685277,0.1471015449623663,1.0,7573,51,0
