order,feature,feature_type,range_start,range_end,step,op,output_csv,status,error,elapsed_sec
1,areaRatio,ratio,0.0,1.0,0.01,>=,001_areaRatio__ge.csv,ok,,105.783
1,areaRatio,ratio,0.0,1.0,0.01,<=,001_areaRatio__le.csv,ok,,59.269
2,areaMean,continuous,300.0,3800.0,50.0,>=,002_areaMean__ge.csv,ok,,77.159
2,areaMean,continuous,300.0,3800.0,50.0,<=,002_areaMean__le.csv,ok,,203.915
3,areaMin,continuous,100.0,3300.0,50.0,>=,003_areaMin__ge.csv,ok,,16.784
3,areaMin,continuous,100.0,3300.0,50.0,<=,003_areaMin__le.csv,ok,,80.483
4,areaMax,continuous,350.0,4850.0,50.0,>=,004_areaMax__ge.csv,ok,,25.335
4,areaMax,continuous,350.0,4850.0,50.0,<=,004_areaMax__le.csv,ok,,109.77
5,areaDiff,continuous,0.0,2650.0,50.0,>=,005_areaDiff__ge.csv,ok,,15.612
5,areaDiff,continuous,0.0,2650.0,50.0,<=,005_areaDiff__le.csv,ok,,64.402
6,perimeterRatio,ratio,0.0,1.0,0.01,>=,006_perimeterRatio__ge.csv,ok,,124.247
6,perimeterRatio,ratio,0.0,1.0,0.01,<=,006_perimeterRatio__le.csv,ok,,25.917
7,perimeterMean,continuous,70.0,244.0,2.0,>=,007_perimeterMean__ge.csv,ok,,4036.311
7,perimeterMean,continuous,70.0,244.0,2.0,<=,007_perimeterMean__le.csv,ok,,217.832
8,perimeterMin,continuous,52.0,228.0,2.0,>=,008_perimeterMin__ge.csv,ok,,41.975
8,perimeterMin,continuous,52.0,228.0,2.0,<=,008_perimeterMin__le.csv,ok,,91.719
9,perimeterMax,continuous,78.0,274.0,2.0,>=,009_perimeterMax__ge.csv,ok,,44.488
9,perimeterMax,continuous,78.0,274.0,2.0,<=,009_perimeterMax__le.csv,ok,,122.356
10,perimeterDiff,continuous,0.0,124.0,2.0,>=,010_perimeterDiff__ge.csv,ok,,20.866
10,perimeterDiff,continuous,0.0,124.0,2.0,<=,010_perimeterDiff__le.csv,ok,,85.63
11,aspectRatio,ratio,0.0,1.0,0.01,>=,011_aspectRatio__ge.csv,ok,,145.75
11,aspectRatio,ratio,0.0,1.0,0.01,<=,011_aspectRatio__le.csv,ok,,23.443
12,aspectMean,continuous,1.02,1.8900000000000001,0.01,>=,012_aspectMean__ge.csv,ok,,60.061
12,aspectMean,continuous,1.02,1.8900000000000001,0.01,<=,012_aspectMean__le.csv,ok,,224.484
13,aspectMin,continuous,1.0,1.68,0.01,>=,013_aspectMin__ge.csv,ok,,14.514
13,aspectMin,continuous,1.0,1.68,0.01,<=,013_aspectMin__le.csv,ok,,79.899
14,aspectMax,continuous,1.02,2.32,0.02,>=,014_aspectMax__ge.csv,ok,,24.956
14,aspectMax,continuous,1.02,2.32,0.02,<=,014_aspectMax__le.csv,ok,,80.54
15,aspectDiff,continuous,0.0,1.04,0.02,>=,015_aspectDiff__ge.csv,ok,,15.097
15,aspectDiff,continuous,0.0,1.04,0.02,<=,015_aspectDiff__le.csv,ok,,69.015
16,circularityRatio,ratio,0.0,1.0,0.01,>=,016_circularityRatio__ge.csv,ok,,156.951
16,circularityRatio,ratio,0.0,1.0,0.01,<=,016_circularityRatio__le.csv,ok,,14.445
17,circularityMean,ratio,0.0,1.0,0.01,>=,017_circularityMean__ge.csv,ok,,599.965
17,circularityMean,ratio,0.0,1.0,0.01,<=,017_circularityMean__le.csv,ok,,102.225
18,circularityMin,ratio,0.0,1.0,0.01,>=,018_circularityMin__ge.csv,ok,,174.451
18,circularityMin,ratio,0.0,1.0,0.01,<=,018_circularityMin__le.csv,ok,,49.061
19,circularityMax,ratio,0.0,1.0,0.01,>=,019_circularityMax__ge.csv,ok,,171.628
19,circularityMax,ratio,0.0,1.0,0.01,<=,019_circularityMax__le.csv,ok,,23.713
20,circularityDiff,ratio,0.0,1.0,0.01,>=,020_circularityDiff__ge.csv,ok,,9.83
20,circularityDiff,ratio,0.0,1.0,0.01,<=,020_circularityDiff__le.csv,ok,,148.567
21,solidityRatio,ratio,0.0,1.0,0.01,>=,021_solidityRatio__ge.csv,ok,,55.627
21,solidityRatio,ratio,0.0,1.0,0.01,<=,021_solidityRatio__le.csv,ok,,0.339
22,solidityMean,ratio,0.0,1.0,0.01,>=,022_solidityMean__ge.csv,ok,,64.262
22,solidityMean,ratio,0.0,1.0,0.01,<=,022_solidityMean__le.csv,ok,,0.234
23,solidityMin,ratio,0.0,1.0,0.01,>=,023_solidityMin__ge.csv,ok,,60.309
23,solidityMin,ratio,0.0,1.0,0.01,<=,023_solidityMin__le.csv,ok,,0.331
24,solidityMax,ratio,0.0,1.0,0.01,>=,024_solidityMax__ge.csv,ok,,16.966
24,solidityMax,ratio,0.0,1.0,0.01,<=,024_solidityMax__le.csv,ok,,0.112
25,solidityDiff,ratio,0.0,1.0,0.01,>=,025_solidityDiff__ge.csv,ok,,0.328
25,solidityDiff,ratio,0.0,1.0,0.01,<=,025_solidityDiff__le.csv,ok,,70.468
26,vertexCountRatio,ratio,0.0,1.0,0.01,>=,026_vertexCountRatio__ge.csv,ok,,56.826
26,vertexCountRatio,ratio,0.0,1.0,0.01,<=,026_vertexCountRatio__le.csv,ok,,14.795
27,vertexCountMean,continuous,4.5,8.5,0.05,>=,027_vertexCountMean__ge.csv,ok,,20.907
27,vertexCountMean,continuous,4.5,8.5,0.05,<=,027_vertexCountMean__le.csv,ok,,26.233
28,vertexCountMin,integer,3.0,12.0,1.0,>=,028_vertexCountMin__ge.csv,ok,,0.849
28,vertexCountMin,integer,3.0,12.0,1.0,<=,028_vertexCountMin__le.csv,ok,,3.181
29,vertexCountMax,integer,4.0,13.0,1.0,>=,029_vertexCountMax__ge.csv,ok,,1.17
29,vertexCountMax,integer,4.0,13.0,1.0,<=,029_vertexCountMax__le.csv,ok,,2.695
30,vertexCountDiff,integer,0.0,9.0,1.0,>=,030_vertexCountDiff__ge.csv,ok,,0.679
30,vertexCountDiff,integer,0.0,9.0,1.0,<=,030_vertexCountDiff__le.csv,ok,,3.045
31,centroidDistance,continuous,15.0,76.0,1.0,>=,031_centroidDistance__ge.csv,ok,,24.321
31,centroidDistance,continuous,15.0,76.0,1.0,<=,031_centroidDistance__le.csv,ok,,49.179
32,centroidDistanceNormalized,continuous,0.6900000000000001,1.57,0.01,>=,032_centroidDistanceNormalized__ge.csv,ok,,59.654
32,centroidDistanceNormalized,continuous,0.6900000000000001,1.57,0.01,<=,032_centroidDistanceNormalized__le.csv,ok,,80.824
33,unionAspectRatio,continuous,1.0,2.48,0.02,>=,033_unionAspectRatio__ge.csv,ok,,29.947
33,unionAspectRatio,continuous,1.0,2.48,0.02,<=,033_unionAspectRatio__le.csv,ok,,105.205
34,unionCircularity,ratio,0.0,1.0,0.01,>=,034_unionCircularity__ge.csv,ok,,110.663
34,unionCircularity,ratio,0.0,1.0,0.01,<=,034_unionCircularity__le.csv,ok,,73.914
35,unionConvexDeficiency,ratio,0.0,1.0,0.01,>=,035_unionConvexDeficiency__ge.csv,ok,,68.298
35,unionConvexDeficiency,ratio,0.0,1.0,0.01,<=,035_unionConvexDeficiency__le.csv,ok,,91.781
36,normalizedSharedEdgeLength,continuous,0.12,1.46,0.02,>=,036_normalizedSharedEdgeLength__ge.csv,ok,,58.94
36,normalizedSharedEdgeLength,continuous,0.12,1.46,0.02,<=,036_normalizedSharedEdgeLength__le.csv,ok,,49.875
37,sharedEdgeLength,continuous,4.0,59.0,1.0,>=,037_sharedEdgeLength__ge.csv,ok,,22.654
37,sharedEdgeLength,continuous,4.0,59.0,1.0,<=,037_sharedEdgeLength__le.csv,ok,,44.768
38,sharedEdgeUnsharedVerticesDistance,continuous,13.5,58.0,0.5,>=,038_sharedEdgeUnsharedVerticesDistance__ge.csv,ok,,38.262
38,sharedEdgeUnsharedVerticesDistance,continuous,13.5,58.0,0.5,<=,038_sharedEdgeUnsharedVerticesDistance__le.csv,ok,,77.488
39,sharedEdgeUnsharedVerticesDistanceNormalized,continuous,0.59,1.2,0.01,>=,039_sharedEdgeUnsharedVerticesDistanceNormalized__ge.csv,ok,,50.175
39,sharedEdgeUnsharedVerticesDistanceNormalized,continuous,0.59,1.2,0.01,<=,039_sharedEdgeUnsharedVerticesDistanceNormalized__le.csv,ok,,66.713
40,centroidSharedEdgeDistance,continuous,7.0,37.5,0.5,>=,040_centroidSharedEdgeDistance__ge.csv,ok,,33.936
40,centroidSharedEdgeDistance,continuous,7.0,37.5,0.5,<=,040_centroidSharedEdgeDistance__le.csv,ok,,63.151
41,centroidSharedEdgeDistanceNormalized,continuous,0.335,0.775,0.005,>=,041_centroidSharedEdgeDistanceNormalized__ge.csv,ok,,53.652
41,centroidSharedEdgeDistanceNormalized,continuous,0.335,0.775,0.005,<=,041_centroidSharedEdgeDistanceNormalized__le.csv,ok,,71.648
42,sharedEdgeUnionCentroidDistance,continuous,0.0,24.5,0.5,>=,042_sharedEdgeUnionCentroidDistance__ge.csv,ok,,16.662
42,sharedEdgeUnionCentroidDistance,continuous,0.0,24.5,0.5,<=,042_sharedEdgeUnionCentroidDistance__le.csv,ok,,54.44
43,sharedEdgeUnionCentroidDistanceNormalized,continuous,0.0,0.71,0.01,>=,043_sharedEdgeUnionCentroidDistanceNormalized__ge.csv,ok,,21.932
43,sharedEdgeUnionCentroidDistanceNormalized,continuous,0.0,0.71,0.01,<=,043_sharedEdgeUnionCentroidDistanceNormalized__le.csv,ok,,72.923
44,sharedEdgeUnionAxisAngleDegrees,angle,0.0,180.0,1.0,>=,044_sharedEdgeUnionAxisAngleDegrees__ge.csv,ok,,95.135
44,sharedEdgeUnionAxisAngleDegrees,angle,0.0,180.0,1.0,<=,044_sharedEdgeUnionAxisAngleDegrees__le.csv,ok,,192.279
45,junctionAngleAverageDegrees,angle,0.0,180.0,1.0,>=,045_junctionAngleAverageDegrees__ge.csv,ok,,171.794
45,junctionAngleAverageDegrees,angle,0.0,180.0,1.0,<=,045_junctionAngleAverageDegrees__le.csv,ok,,78.558
46,junctionAngleMaxDegrees,angle,0.0,180.0,1.0,>=,046_junctionAngleMaxDegrees__ge.csv,ok,,181.058
46,junctionAngleMaxDegrees,angle,0.0,180.0,1.0,<=,046_junctionAngleMaxDegrees__le.csv,ok,,64.961
47,junctionAngleMinDegrees,angle,0.0,180.0,1.0,>=,047_junctionAngleMinDegrees__ge.csv,ok,,149.588
47,junctionAngleMinDegrees,angle,0.0,180.0,1.0,<=,047_junctionAngleMinDegrees__le.csv,ok,,101.613
48,junctionAngleDifferenceDegrees,angle,0.0,180.0,1.0,>=,048_junctionAngleDifferenceDegrees__ge.csv,ok,,30.184
48,junctionAngleDifferenceDegrees,angle,0.0,180.0,1.0,<=,048_junctionAngleDifferenceDegrees__le.csv,ok,,235.183
49,junctionAngleRatio,ratio,0.0,1.0,0.01,>=,049_junctionAngleRatio__ge.csv,ok,,117.022
49,junctionAngleRatio,ratio,0.0,1.0,0.01,<=,049_junctionAngleRatio__le.csv,ok,,18.885
