fileName,pairIndex,firstPolygonId,secondPolygonId,observed_division,division_timing,areaRatio,areaMean,areaMin,areaMax,areaDiff,perimeterRatio,perimeterMean,perimeterMin,perimeterMax,perimeterDiff,aspectRatio,aspectMean,aspectMin,aspectMax,aspectDiff,circularityRatio,circularityMean,circularityMin,circularityMax,circularityDiff,solidityRatio,solidityMean,solidityMin,solidityMax,solidityDiff,vertexCountRatio,vertexCountMean,vertexCountMin,vertexCountMax,vertexCountDiff,centroidDistance,centroidDistanceNormalized,unionAspectRatio,unionCircularity,unionConvexDeficiency,normalizedSharedEdgeLength,sharedEdgeLength,sharedEdgeUnsharedVerticesDistance,sharedEdgeUnsharedVerticesDistanceNormalized,centroidSharedEdgeDistance,centroidSharedEdgeDistanceNormalized,sharedEdgeUnionCentroidDistance,sharedEdgeUnionCentroidDistanceNormalized,sharedEdgeUnionAxisAngleDegrees,junctionAngleAverageDegrees,junctionAngleMaxDegrees,junctionAngleMinDegrees,junctionAngleDifferenceDegrees,junctionAngleRatio
sample2_26h,1,0,1,1,1,0.412581,4631.972222,2705.777778,6558.166667,3852.388889,0.665676,271.800144,217.246177,326.354112,109.107935,0.725822,1.252613,1.053613,1.451613,0.398000,0.931073,0.747107,0.720440,0.773774,0.053334,1.000000,1.000000,1.000000,1.000000,0.000000,0.857143,6.500000,6.000000,7.000000,1.000000,47.963376,0.721256,1.081724,0.797583,0.104293,1.214702,80.777472,38.242749,0.575081,23.958368,0.360277,15.647172,0.235297,2.656029,151.625359,152.143438,151.107279,1.036160,0.993190
sample2_26h,2,0,2,0,-1,0.960229,2651.972222,2598.166667,2705.777778,107.611111,0.980358,215.112550,212.978922,217.246177,4.267255,0.576979,1.439850,1.053613,1.826087,0.772474,0.999093,0.720113,0.719786,0.720440,0.000653,1.000000,1.000000,1.000000,1.000000,0.000000,1.000000,6.000000,6.000000,6.000000,0.000000,76.300960,1.481726,1.709497,0.422794,0.608436,0.322166,16.589823,61.902464,1.202114,38.427178,0.746236,3.804869,0.073889,87.516414,114.820490,125.447808,104.193171,21.254636,0.830570
sample2_26h,3,1,2,0,-1,0.396173,4578.166667,2598.166667,6558.166667,3960.000000,0.652601,269.666517,212.978922,326.354112,113.375190,0.794931,1.638850,1.451613,1.826087,0.374474,0.930228,0.746780,0.719786,0.773774,0.053988,1.000000,1.000000,1.000000,1.000000,0.000000,0.857143,6.500000,6.000000,7.000000,1.000000,94.431313,1.431268,2.407258,0.456642,0.545342,0.283151,18.681542,69.122978,1.047677,46.897410,0.710811,27.299022,0.413763,69.282083,91.878340,100.311766,83.444914,16.866852,0.831856
sample2_26h,4,1,3,0,-1,0.478996,4849.750000,3141.333333,6558.166667,3416.833333,0.693132,276.280251,226.206389,326.354112,100.147723,0.827359,1.326309,1.201005,1.451613,0.250608,0.997011,0.772618,0.771461,0.773774,0.002313,1.000000,1.000000,1.000000,1.000000,0.000000,0.714286,6.000000,5.000000,7.000000,2.000000,53.093524,0.774918,1.260870,0.763223,0.142928,1.116063,76.467132,47.797901,0.697626,25.812503,0.376742,13.837940,0.201969,25.512917,143.417566,175.060240,111.774892,63.285348,0.638494
sample2_26h,5,1,4,0,-1,0.711505,5612.166667,4666.166667,6558.166667,1892.000000,0.836126,299.613665,272.873218,326.354112,53.480894,0.853606,1.576089,1.451613,1.700565,0.248952,0.982575,0.780635,0.773774,0.787496,0.013722,0.997364,0.998682,0.997364,1.000000,0.002636,1.000000,7.000000,7.000000,7.000000,0.000000,113.107412,1.515252,1.972477,0.461807,0.515962,0.311948,23.285666,78.319571,1.049214,56.310801,0.754372,15.598419,0.208965,84.521109,112.322938,126.296255,98.349622,27.946632,0.778722
sample2_26h,6,1,7,0,-1,0.449058,4751.583333,2945.000000,6558.166667,3613.166667,0.645229,268.463641,210.573170,326.354112,115.780942,0.879765,1.550806,1.451613,1.650000,0.198387,0.927097,0.804197,0.773774,0.834621,0.060847,1.000000,1.000000,1.000000,1.000000,0.000000,0.857143,6.500000,6.000000,7.000000,1.000000,72.268210,1.068658,1.046512,0.627467,0.288079,0.744315,50.334437,52.260538,0.772797,31.363377,0.463783,19.808514,0.292916,41.676268,125.157336,137.089564,113.225108,23.864456,0.825921
sample2_26h,7,2,4,1,1,0.556810,3632.166667,2598.166667,4666.166667,2068.000000,0.780505,242.926070,212.978922,272.873218,59.894296,0.931262,1.763326,1.700565,1.826087,0.125522,0.914019,0.753641,0.719786,0.787496,0.067709,0.997364,0.998682,0.997364,1.000000,0.002636,0.857143,6.500000,6.000000,7.000000,1.000000,42.925675,0.719737,1.056140,0.855847,0.061212,1.335167,79.630396,34.322973,0.575495,21.135672,0.354383,10.302157,0.172737,22.685799,144.026495,163.300756,124.752235,38.548521,0.763942
sample2_26h,8,3,7,0,-1,0.937500,3043.166667,2945.000000,3141.333333,196.333333,0.930890,218.389780,210.573170,226.206389,15.633219,0.727882,1.425503,1.201005,1.650000,0.448995,0.924326,0.803041,0.771461,0.834621,0.063159,1.000000,1.000000,1.000000,1.000000,0.000000,0.833333,5.500000,5.000000,6.000000,1.000000,78.707002,1.426944,1.708333,0.493819,0.561203,0.391882,21.615324,62.282747,1.129175,39.324103,0.712939,3.590099,0.065088,88.892074,129.350166,139.148572,119.551759,19.596813,0.859166
sample2_26h,9,3,9,1,1,0.922750,3020.000000,2898.666667,3141.333333,242.666667,0.998314,226.015752,225.825114,226.206389,0.381276,0.848127,1.109805,1.018605,1.201005,0.182400,0.925869,0.742867,0.714272,0.771461,0.057189,1.000000,1.000000,1.000000,1.000000,0.000000,1.000000,5.000000,5.000000,5.000000,0.000000,60.349121,1.098386,1.446429,0.625535,0.077539,0.943663,51.848069,48.098643,0.875421,28.077495,0.511025,0.855880,0.015577,58.278564,155.612533,173.072993,138.152073,34.920920,0.798230
sample2_26h,10,4,5,0,-1,0.913899,4885.972222,4666.166667,5105.777778,439.611111,0.996160,273.399130,272.873218,273.925043,1.051824,0.611847,1.370525,1.040486,1.700565,0.660079,0.920958,0.821289,0.787496,0.855083,0.067587,0.997364,0.998682,0.997364,1.000000,0.002636,1.000000,7.000000,7.000000,7.000000,0.000000,86.750184,1.241380,2.018315,0.548135,0.417726,0.525755,36.740834,65.028025,0.930540,43.030645,0.615761,2.093873,0.029963,85.194754,134.061105,143.433975,124.688234,18.745741,0.869308
sample2_26h,11,4,7,0,-1,0.631139,3805.583333,2945.000000,4666.166667,1721.166667,0.771689,241.723194,210.573170,272.873218,62.300048,0.970266,1.675282,1.650000,1.700565,0.050565,0.943538,0.811058,0.787496,0.834621,0.047125,0.997364,0.998682,0.997364,1.000000,0.002636,0.857143,6.500000,6.000000,7.000000,1.000000,75.729394,1.235620,1.987342,0.550280,0.350713,0.542841,33.269940,56.770303,0.926278,36.115982,0.589277,15.223754,0.248395,63.756329,106.893839,113.475912,100.311766,13.164147,0.883992
sample2_26h,12,4,8,0,-1,0.612851,3762.916667,2859.666667,4666.166667,1806.500000,0.756690,239.676848,206.480479,272.873218,66.392740,0.614618,1.372881,1.045198,1.700565,0.655367,0.934289,0.815189,0.787496,0.842883,0.055387,0.997364,0.998682,0.997364,1.000000,0.002636,0.857143,6.500000,6.000000,7.000000,1.000000,63.561479,1.043829,1.044118,0.585987,0.408371,0.637353,38.810079,53.390545,0.876799,28.426863,0.466836,4.400604,0.072268,51.879235,110.001818,127.081271,92.922365,34.158906,0.731204
sample2_26h,13,4,10,0,-1,0.546880,3609.000000,2551.833333,4666.166667,2114.333333,0.718160,234.419931,195.966644,272.873218,76.906574,0.695655,1.441786,1.183007,1.700565,0.517558,0.943084,0.811259,0.787496,0.835022,0.047526,0.997364,0.998682,0.997364,1.000000,0.002636,0.857143,6.500000,6.000000,7.000000,1.000000,57.437813,0.966763,1.149502,0.595030,0.409162,0.659871,39.204592,47.116552,0.793041,27.202757,0.457862,6.671060,0.112284,49.181331,114.570870,131.364593,97.777147,33.587446,0.744319
sample2_26h,14,5,6,1,1,0.561292,3985.805556,2865.833333,5105.777778,2239.944444,0.792471,245.501397,217.077752,273.925043,56.847291,0.844329,1.136405,1.040486,1.232323,0.191837,0.893762,0.809662,0.764241,0.855083,0.090842,1.000000,1.000000,1.000000,1.000000,0.000000,0.714286,6.000000,5.000000,7.000000,2.000000,54.375459,0.870089,1.223729,0.819237,0.063196,1.130673,70.660377,41.540710,0.664714,27.186620,0.435027,12.853289,0.205672,75.973540,161.482589,171.120144,151.845034,19.275110,0.887359
sample2_26h,15,5,8,0,-1,0.560084,3982.722222,2859.666667,5105.777778,2246.111111,0.753785,240.202761,206.480479,273.925043,67.444564,0.995492,1.042842,1.040486,1.045198,0.004712,0.985732,0.848983,0.842883,0.855083,0.012200,1.000000,1.000000,1.000000,1.000000,0.000000,0.857143,6.500000,6.000000,7.000000,1.000000,63.305134,1.013445,1.187898,0.634668,0.268368,0.666546,41.635989,49.109619,0.786191,31.424404,0.503070,14.599547,0.233723,78.152611,97.420192,106.599081,88.241302,18.357779,0.827787
sample2_26h,16,5,13,0,-1,0.858309,4744.055556,4382.333333,5105.777778,723.444444,0.959674,268.401938,262.878833,273.925043,11.046210,0.860696,1.124687,1.040486,1.208889,0.168403,0.931957,0.825992,0.796900,0.855083,0.058183,1.000000,1.000000,1.000000,1.000000,0.000000,1.000000,7.000000,7.000000,7.000000,0.000000,90.112682,1.309264,1.984436,0.503874,0.562657,0.365836,25.179357,62.507478,0.908183,44.444487,0.645742,3.036019,0.044111,76.145842,99.723220,137.601406,61.845034,75.756372,0.449451
sample2_26h,17,5,14,0,-1,0.260587,3218.138889,1330.500000,5105.777778,3775.277778,0.625812,222.675247,171.425451,273.925043,102.499592,0.834614,1.143576,1.040486,1.246667,0.206181,0.665374,0.712017,0.568950,0.855083,0.286133,1.000000,1.000000,1.000000,1.000000,0.000000,0.714286,6.000000,5.000000,7.000000,2.000000,76.863056,1.424303,1.496503,0.443781,0.707396,0.170842,9.219544,62.286593,1.154196,38.771193,0.718446,29.768619,0.551624,76.184789,97.434289,117.136301,77.732278,39.404023,0.663605
sample2_26h,18,6,11,0,-1,0.555221,4013.722222,2865.833333,5161.611111,2295.777778,0.777377,248.160779,217.077752,279.243807,62.166055,0.870136,1.152306,1.072289,1.232323,0.160034,0.918760,0.798029,0.764241,0.831817,0.067577,1.000000,1.000000,1.000000,1.000000,0.000000,0.833333,5.500000,5.000000,6.000000,1.000000,60.694786,0.968190,1.008242,0.640545,0.291846,0.793431,49.739320,48.500709,0.773673,29.785248,0.475128,13.559495,0.216298,77.197317,124.720845,148.876064,100.565627,48.310437,0.675499
sample2_26h,19,6,14,0,-1,0.464263,2098.166667,1330.500000,2865.833333,1535.333333,0.789696,194.251601,171.425451,217.077752,45.652301,0.988495,1.239495,1.232323,1.246667,0.014343,0.744464,0.666595,0.568950,0.764241,0.195291,1.000000,1.000000,1.000000,1.000000,0.000000,1.000000,5.000000,5.000000,5.000000,0.000000,47.164316,1.047985,1.675556,0.590047,0.264358,0.994944,44.777226,44.846286,0.996479,23.451120,0.521081,16.481699,0.366221,76.660030,147.391191,165.930277,128.852106,37.078171,0.776544
sample2_26h,20,7,9,0,-1,0.984267,2921.833333,2898.666667,2945.000000,46.333333,0.932461,218.199142,210.573170,225.825114,15.251943,0.617336,1.334302,1.018605,1.650000,0.631395,0.855805,0.774446,0.714272,0.834621,0.120349,1.000000,1.000000,1.000000,1.000000,0.000000,0.833333,5.500000,5.000000,6.000000,1.000000,55.291730,1.022906,1.373665,0.513698,0.487936,0.539368,29.154759,48.054720,0.889020,27.645355,0.511444,3.563200,0.065920,71.215511,91.499590,100.311766,82.687415,17.624350,0.824304
sample2_26h,21,7,10,0,-1,0.866497,2748.416667,2551.833333,2945.000000,393.166667,0.930634,203.269907,195.966644,210.573170,14.606526,0.716974,1.416503,1.183007,1.650000,0.466993,0.999519,0.834821,0.834621,0.835022,0.000401,1.000000,1.000000,1.000000,1.000000,0.000000,1.000000,6.000000,6.000000,6.000000,0.000000,65.507624,1.250342,1.457831,0.520879,0.533155,0.404446,21.189620,50.653922,0.966830,32.448558,0.619345,7.887098,0.150541,80.773564,108.156294,118.060407,98.252181,19.808226,0.832220
sample2_26h,22,7,12,1,1,0.637012,2410.500000,1876.000000,2945.000000,1069.000000,0.823713,192.012498,173.451825,210.573170,37.121345,0.932401,1.594231,1.538462,1.650000,0.111538,0.938849,0.809102,0.783583,0.834621,0.051038,1.000000,1.000000,1.000000,1.000000,0.000000,0.833333,5.500000,5.000000,6.000000,1.000000,40.353523,0.827080,1.099567,0.806908,0.135034,1.127459,55.009090,34.544779,0.708025,19.842464,0.406688,7.142911,0.146400,52.210629,160.570154,162.654076,158.486231,4.167845,0.974376
sample2_26h,23,8,10,1,1,0.892353,2705.750000,2551.833333,2859.666667,307.833333,0.949081,201.223561,195.966644,206.480479,10.513834,0.883510,1.114102,1.045198,1.183007,0.137809,0.990674,0.838952,0.835022,0.842883,0.007861,1.000000,1.000000,1.000000,1.000000,0.000000,1.000000,6.000000,6.000000,6.000000,0.000000,46.882254,0.901655,1.649215,0.819812,0.013018,1.100453,57.218878,39.314090,0.756102,23.424445,0.450507,2.292553,0.044091,85.422892,166.143145,170.453920,161.832370,8.621550,0.949420
sample2_26h,24,8,13,0,-1,0.652544,3621.000000,2859.666667,4382.333333,1522.666667,0.785459,234.679656,206.480479,262.878833,56.398354,0.864594,1.127043,1.045198,1.208889,0.163691,0.945446,0.819892,0.796900,0.842883,0.045983,1.000000,1.000000,1.000000,1.000000,0.000000,0.857143,6.500000,6.000000,7.000000,1.000000,77.675675,1.298110,1.035326,0.522154,0.438691,0.433509,25.940102,56.501536,0.944249,37.417689,0.625321,14.172579,0.236851,69.510899,113.272241,114.028090,112.516393,1.511698,0.986743
sample2_26h,25,8,17,0,-1,0.621226,2318.083333,1776.500000,2859.666667,1083.166667,0.831302,189.064103,171.647728,206.480479,34.832750,0.878213,1.117669,1.045198,1.190141,0.144943,0.898942,0.800293,0.757703,0.842883,0.085180,1.000000,1.000000,1.000000,1.000000,0.000000,0.666667,5.000000,4.000000,6.000000,2.000000,52.612885,1.100407,1.966102,0.630324,0.202538,0.774991,37.054015,40.515133,0.847381,26.247579,0.548972,8.940485,0.186992,85.956370,121.288882,128.230248,114.347517,13.882732,0.891736
sample2_26h,26,8,18,0,-1,0.866301,2668.500000,2477.333333,2859.666667,382.333333,0.948639,201.177967,195.875455,206.480479,10.605024,0.958098,1.068053,1.045198,1.090909,0.045711,0.962647,0.827141,0.811399,0.842883,0.031484,1.000000,1.000000,1.000000,1.000000,0.000000,0.857143,6.500000,6.000000,7.000000,1.000000,66.186643,1.282082,1.298561,0.439330,0.801262,0.112765,5.821416,53.032029,1.027268,32.481386,0.629188,3.428448,0.066411,82.426825,85.649741,90.000000,81.299481,8.700519,0.903328
sample2_26h,27,9,12,0,-1,0.647194,2387.333333,1876.000000,2898.666667,1022.666667,0.768080,199.638469,173.451825,225.825114,52.373289,0.662093,1.278533,1.018605,1.538462,0.519857,0.911546,0.748927,0.714272,0.783583,0.069311,1.000000,1.000000,1.000000,1.000000,0.000000,1.000000,5.000000,5.000000,5.000000,0.000000,55.415871,1.140807,1.735160,0.536241,0.383692,0.666754,32.388269,42.885366,0.882850,25.864264,0.532449,5.051907,0.104000,59.214484,122.723012,131.364593,114.081430,17.283163,0.868434
sample2_26h,28,9,16,0,-1,0.616759,2343.222222,1787.777778,2898.666667,1110.888889,0.721111,194.335073,162.845032,225.825114,62.980082,0.981735,1.009302,1.000000,1.018605,0.018605,0.843120,0.780725,0.714272,0.847177,0.132905,1.000000,1.000000,1.000000,1.000000,0.000000,0.833333,5.500000,5.000000,6.000000,1.000000,61.522034,1.280090,1.094276,0.537584,0.252786,0.600166,28.844410,44.596448,0.927919,30.740199,0.639612,14.694517,0.305749,84.327688,138.038430,172.912714,103.164147,69.748567,0.596626
sample2_26h,29,10,12,0,-1,0.735158,2213.916667,1876.000000,2551.833333,675.833333,0.885109,184.709235,173.451825,195.966644,22.514819,0.768954,1.360734,1.183007,1.538462,0.355455,0.938398,0.809302,0.783583,0.835022,0.051439,1.000000,1.000000,1.000000,1.000000,0.000000,0.833333,5.500000,5.000000,6.000000,1.000000,52.662139,1.122519,1.709677,0.569653,0.334325,0.606275,28.442925,39.641237,0.844972,26.328709,0.561209,2.248569,0.047929,88.059886,107.086644,115.823666,98.349622,17.474044,0.849132
sample2_26h,30,10,15,0,-1,0.605970,2049.083333,1546.333333,2551.833333,1005.500000,0.787216,175.117362,154.268080,195.966644,41.698564,0.875931,1.109619,1.036232,1.183007,0.146775,0.977829,0.825765,0.816509,0.835022,0.018513,1.000000,1.000000,1.000000,1.000000,0.000000,0.833333,5.500000,5.000000,6.000000,1.000000,55.613458,1.238068,1.215447,0.478589,0.607751,0.247121,11.100551,42.760399,0.951933,27.270144,0.607088,9.398018,0.209219,70.905441,87.685946,92.648524,82.723369,9.925155,0.892873
sample2_26h,31,10,18,0,-1,0.970805,2514.583333,2477.333333,2551.833333,74.500000,0.999535,195.921050,195.875455,195.966644,0.091189,0.922150,1.136958,1.090909,1.183007,0.092097,0.971709,0.823210,0.811399,0.835022,0.023623,1.000000,1.000000,1.000000,1.000000,0.000000,0.857143,6.500000,6.000000,7.000000,1.000000,57.039526,1.137509,1.737624,0.640078,0.107307,0.773969,38.810079,41.395946,0.825537,28.130800,0.560998,0.637386,0.012711,74.094588,144.126817,180.000000,108.253634,71.746366,0.601409
sample2_26h,32,11,14,0,-1,0.257768,3246.055556,1330.500000,5161.611111,3831.111111,0.613892,225.334629,171.425451,279.243807,107.818356,0.860125,1.159478,1.072289,1.246667,0.174378,0.683984,0.700384,0.568950,0.831817,0.262867,1.000000,1.000000,1.000000,1.000000,0.000000,0.833333,5.500000,5.000000,6.000000,1.000000,60.166312,1.110896,1.503817,0.548950,0.513392,0.601577,32.581522,55.543342,1.025538,28.829747,0.532305,26.556449,0.490332,78.366258,77.799199,93.753365,61.845034,31.908331,0.659657
sample2_26h,33,11,19,1,1,0.902406,5440.722222,5161.611111,5719.833333,558.222222,0.957451,285.448550,279.243807,291.653294,12.409487,0.907039,1.127238,1.072289,1.182186,0.109897,0.984393,0.838411,0.831817,0.845005,0.013188,1.000000,1.000000,1.000000,1.000000,0.000000,0.857143,6.500000,6.000000,7.000000,1.000000,66.898301,0.907256,1.613014,0.802902,0.095759,1.072824,79.106819,51.327363,0.696087,33.433640,0.453418,1.462542,0.019835,85.738356,161.333706,162.391204,160.276209,2.114994,0.986976
sample2_26h,34,12,15,0,-1,0.824271,1711.166667,1546.333333,1876.000000,329.666667,0.889400,163.859953,154.268080,173.451825,19.183745,0.673551,1.287347,1.036232,1.538462,0.502230,0.959675,0.800046,0.783583,0.816509,0.032926,1.000000,1.000000,1.000000,1.000000,0.000000,1.000000,5.000000,5.000000,5.000000,0.000000,38.977493,0.943351,1.095238,0.671912,0.239895,0.904278,37.363083,30.254252,0.732227,19.037081,0.460744,1.927420,0.046648,57.354870,133.951412,148.776894,119.125929,29.650966,0.800702
sample2_26h,35,12,16,0,-1,0.952973,1831.888889,1787.777778,1876.000000,88.222222,0.938849,168.148428,162.845032,173.451825,10.606793,0.650000,1.269231,1.000000,1.538462,0.538462,0.924934,0.815380,0.783583,0.847177,0.063595,1.000000,1.000000,1.000000,1.000000,0.000000,0.833333,5.500000,5.000000,6.000000,1.000000,46.295427,1.081733,1.054852,0.526190,0.624310,0.473123,20.248457,39.880515,0.931843,22.917516,0.535488,0.443712,0.010368,70.920748,106.548717,119.812976,93.284458,26.528518,0.778584
sample2_26h,36,13,14,1,1,0.303605,2856.416667,1330.500000,4382.333333,3051.833333,0.652108,217.152142,171.425451,262.878833,91.453382,0.969697,1.227778,1.208889,1.246667,0.037778,0.713954,0.682925,0.568950,0.796900,0.227950,1.000000,1.000000,1.000000,1.000000,0.000000,0.714286,6.000000,5.000000,7.000000,2.000000,35.680984,0.695026,1.050193,0.847862,0.032617,1.395867,71.660465,30.805588,0.600059,17.797134,0.346669,15.861826,0.308971,1.097239,165.922517,180.000000,151.845034,28.154966,0.843584
sample2_26h,37,13,17,0,-1,0.405378,3079.416667,1776.500000,4382.333333,2605.833333,0.652954,217.263281,171.647728,262.878833,91.231105,0.984492,1.199515,1.190141,1.208889,0.018748,0.950813,0.777302,0.757703,0.796900,0.039197,1.000000,1.000000,1.000000,1.000000,0.000000,0.571429,5.500000,4.000000,7.000000,3.000000,50.813013,0.937962,1.235294,0.596316,0.403323,0.685448,37.133393,45.549190,0.840796,24.351011,0.449497,14.117642,0.260599,36.061748,105.188843,116.847751,93.529934,23.317818,0.800443
sample2_26h,38,13,19,0,-1,0.766165,5051.083333,4382.333333,5719.833333,1337.500000,0.901340,277.266063,262.878833,291.653294,28.774461,0.977911,1.195538,1.182186,1.208889,0.026703,0.943071,0.820953,0.796900,0.845005,0.048105,1.000000,1.000000,1.000000,1.000000,0.000000,1.000000,7.000000,7.000000,7.000000,0.000000,92.851077,1.309340,1.268170,0.502395,0.548793,0.365613,25.927249,63.065851,0.889324,44.810535,0.631896,9.750509,0.137497,65.485276,78.653557,112.307114,45.000000,67.307114,0.400687
sample2_26h,39,13,21,0,-1,0.433027,3140.000000,1897.666667,4382.333333,2484.666667,0.683416,221.267189,179.655545,262.878833,83.223288,0.886949,1.140556,1.072222,1.208889,0.136667,0.927138,0.767869,0.738837,0.796900,0.058064,0.998947,0.999474,0.998947,1.000000,0.001053,0.714286,6.000000,5.000000,7.000000,2.000000,50.177578,0.914303,1.126183,0.596059,0.445011,0.716732,39.334746,45.868112,0.835778,24.144008,0.439936,12.992756,0.236745,31.702500,119.137644,119.769675,118.505612,1.264062,0.989446
sample2_26h,40,13,23,0,-1,0.860881,4077.500000,3772.666667,4382.333333,609.666667,0.947504,255.978747,249.078661,262.878833,13.800172,0.971588,1.226564,1.208889,1.244240,0.035351,0.958917,0.780531,0.764162,0.796900,0.032739,1.000000,1.000000,1.000000,1.000000,0.000000,0.857143,6.500000,6.000000,7.000000,1.000000,79.674184,1.248604,2.191837,0.537731,0.393010,0.590866,37.703522,58.501070,0.916792,39.806780,0.623827,5.718948,0.089624,85.936800,125.960368,135.559822,116.360913,19.198909,0.858373
sample2_26h,41,14,19,0,-1,0.232612,3525.166667,1330.500000,5719.833333,4389.333333,0.587771,231.539373,171.425451,291.653294,120.227843,0.948278,1.214426,1.182186,1.246667,0.064480,0.673309,0.706978,0.568950,0.845005,0.276055,1.000000,1.000000,1.000000,1.000000,0.000000,0.714286,6.000000,5.000000,7.000000,2.000000,82.664507,1.474761,1.002525,0.464561,0.534537,0.235255,13.186694,61.589788,1.098782,39.565552,0.705862,37.024773,0.660534,58.882729,104.797735,126.747819,82.847652,43.900168,0.653642
sample2_26h,42,15,16,1,1,0.864947,1667.055556,1546.333333,1787.777778,241.444444,0.947331,158.556556,154.268080,162.845032,8.576951,0.965035,1.018116,1.000000,1.036232,0.036232,0.963799,0.831843,0.816509,0.847177,0.030669,1.000000,1.000000,1.000000,1.000000,0.000000,0.833333,5.500000,5.000000,6.000000,1.000000,40.677108,0.996920,1.638037,0.727644,0.132569,0.945462,38.577483,37.172999,0.911041,20.299354,0.497499,1.498935,0.036736,88.274384,158.136466,173.463509,142.809423,30.654086,0.823282
sample2_26h,43,15,18,0,-1,0.624193,2011.833333,1546.333333,2477.333333,931.000000,0.787582,175.071768,154.268080,195.875455,41.607375,0.949879,1.063570,1.036232,1.090909,0.054677,0.993742,0.813954,0.811399,0.816509,0.005110,1.000000,1.000000,1.000000,1.000000,0.000000,0.714286,6.000000,5.000000,7.000000,2.000000,48.888344,1.097427,1.512821,0.582777,0.416591,0.623929,27.794884,40.671601,0.912981,23.206442,0.520930,7.572489,0.169984,59.999942,108.153976,118.154966,98.152985,20.001981,0.830714
sample2_26h,44,15,20,0,-1,0.365400,2889.111111,1546.333333,4231.888889,2685.555556,0.587267,208.478033,154.268080,262.687986,108.419906,0.761094,1.198867,1.036232,1.361502,0.325270,0.943850,0.793585,0.770662,0.816509,0.045847,0.980436,0.990218,0.980436,1.000000,0.019564,0.714286,6.000000,5.000000,7.000000,2.000000,48.401486,0.927441,1.106897,0.635235,0.328263,0.755575,39.432079,42.344991,0.811390,23.638211,0.452942,15.681371,0.300477,87.443600,119.101735,154.190395,84.013074,70.177321,0.544866
sample2_26h,45,16,20,0,-1,0.422454,3009.833333,1787.777778,4231.888889,2444.111111,0.619918,212.766509,162.845032,262.687986,99.842954,0.734483,1.180751,1.000000,1.361502,0.361502,0.909681,0.808919,0.770662,0.847177,0.076516,0.980436,0.990218,0.980436,1.000000,0.019564,0.857143,6.500000,6.000000,7.000000,1.000000,60.965543,1.135985,1.076923,0.609446,0.251841,0.682202,36.612081,44.887616,0.836402,26.542179,0.494567,12.152875,0.226447,46.547445,131.220752,169.453830,92.987674,76.466156,0.548749
sample2_26h,46,17,18,1,1,0.717102,2126.916667,1776.500000,2477.333333,700.833333,0.876311,183.761592,171.647728,195.875455,24.227727,0.916622,1.140525,1.090909,1.190141,0.099232,0.933823,0.784551,0.757703,0.811399,0.053696,1.000000,1.000000,1.000000,1.000000,0.000000,0.571429,5.500000,4.000000,7.000000,3.000000,39.349884,0.856164,1.510989,0.810700,0.014262,1.204736,55.370469,30.087353,0.654632,19.642481,0.427376,4.944343,0.107578,74.156844,171.279494,178.893567,163.665422,15.228145,0.914876
sample2_26h,47,17,21,0,-1,0.936150,1837.083333,1776.500000,1897.666667,121.166667,0.955427,175.651637,171.647728,179.655545,8.007817,0.900920,1.131182,1.072222,1.190141,0.117919,0.975101,0.748270,0.738837,0.757703,0.018866,0.998947,0.999474,0.998947,1.000000,0.001053,0.800000,4.500000,4.000000,5.000000,1.000000,44.729161,1.043723,1.353774,0.647060,0.208301,0.982137,42.089851,37.933209,0.885145,22.337760,0.521236,1.005957,0.023473,89.855450,126.983707,146.773655,107.193759,39.579896,0.730334
sample2_26h,48,18,20,0,-1,0.585397,3354.611111,2477.333333,4231.888889,1754.555556,0.745658,229.281720,195.875455,262.687986,66.812531,0.801254,1.226206,1.090909,1.361502,0.270593,0.949794,0.791030,0.770662,0.811399,0.040737,0.980436,0.990218,0.980436,1.000000,0.019564,1.000000,7.000000,7.000000,7.000000,0.000000,57.428671,1.000275,1.235294,0.560828,0.477485,0.616902,35.418137,46.124812,0.803388,28.578283,0.497768,14.128242,0.246081,77.298096,92.917416,105.380912,80.453920,24.926992,0.763458
sample2_26h,49,18,21,0,-1,0.766012,2187.500000,1897.666667,2477.333333,579.666667,0.917193,187.765500,179.655545,195.875455,16.219910,0.982870,1.081566,1.072222,1.090909,0.018687,0.910572,0.775118,0.738837,0.811399,0.072562,0.998947,0.999474,0.998947,1.000000,0.001053,0.714286,6.000000,5.000000,7.000000,2.000000,68.430295,1.466337,1.210526,0.411118,0.761676,0.105461,4.921608,54.073833,1.158704,34.916545,0.748198,10.975133,0.235177,63.601400,112.161342,141.934843,82.387840,59.547003,0.580462
sample2_26h,50,18,22,0,-1,0.728627,2938.666667,2477.333333,3400.000000,922.666667,0.837731,214.846026,195.875455,233.816597,37.941142,0.963349,1.070918,1.050926,1.090909,0.039983,0.963172,0.796458,0.781516,0.811399,0.029882,1.000000,1.000000,1.000000,1.000000,0.000000,1.000000,7.000000,7.000000,7.000000,0.000000,72.038768,1.333035,1.317568,0.527411,0.472720,0.513291,27.738862,51.073161,0.945079,33.614474,0.622016,7.863710,0.145513,67.131975,109.646152,153.365315,65.926989,87.438325,0.429869
sample2_26h,51,19,23,0,-1,0.659576,4746.250000,3772.666667,5719.833333,1947.166667,0.854023,270.365977,249.078661,291.653294,42.574634,0.950127,1.213213,1.182186,1.244240,0.062053,0.904328,0.804584,0.764162,0.845005,0.080844,1.000000,1.000000,1.000000,1.000000,0.000000,0.857143,6.500000,6.000000,7.000000,1.000000,86.236947,1.258459,1.241558,0.468022,0.647037,0.261818,17.941262,62.678054,0.914663,43.232868,0.630899,6.230983,0.090929,80.474741,89.642687,98.252181,81.033193,17.218988,0.824747
sample2_26h,52,19,25,0,-1,0.827792,5227.333333,4734.833333,5719.833333,985.000000,0.937911,282.598995,273.544695,291.653294,18.108599,0.919738,1.134744,1.087302,1.182186,0.094885,0.941019,0.820086,0.795166,0.845005,0.049839,1.000000,1.000000,1.000000,1.000000,0.000000,0.714286,6.000000,5.000000,7.000000,2.000000,75.090218,1.039745,1.115979,0.612101,0.381456,0.705573,50.956408,58.000395,0.803109,37.211320,0.515251,0.848369,0.011747,79.700131,114.420061,120.830215,108.009906,12.820308,0.893898
sample2_26h,53,19,26,0,-1,0.819925,5204.833333,4689.833333,5719.833333,1030.000000,0.934699,282.130683,272.608073,291.653294,19.045221,0.977627,1.168962,1.155738,1.182186,0.026449,0.938492,0.819018,0.793030,0.845005,0.051975,1.000000,1.000000,1.000000,1.000000,0.000000,0.857143,6.500000,6.000000,7.000000,1.000000,75.250507,1.044334,1.002331,0.605260,0.420282,0.689527,49.684561,64.265266,0.891880,37.192322,0.516159,8.521405,0.118261,64.184722,131.698541,135.296007,128.101074,7.194933,0.946821
sample2_26h,54,20,22,0,-1,0.803424,3815.944444,3400.000000,4231.888889,831.888889,0.890092,248.252291,233.816597,262.687986,28.871390,0.771887,1.206214,1.050926,1.361502,0.310576,0.986111,0.776089,0.770662,0.781516,0.010855,0.980436,0.990218,0.980436,1.000000,0.019564,1.000000,7.000000,7.000000,7.000000,0.000000,80.591086,1.306574,1.713805,0.508523,0.396742,0.504440,31.114484,56.790697,0.920713,36.874405,0.597822,6.323207,0.102514,60.537761,132.755762,138.521474,126.990051,11.531423,0.916754
sample2_26h,55,20,24,0,-1,0.637107,3464.027778,2696.166667,4231.888889,1535.722222,0.772466,232.802750,202.917514,262.687986,59.770472,0.878756,1.278965,1.196429,1.361502,0.165074,0.936583,0.796753,0.770662,0.822844,0.052182,0.980436,0.990218,0.980436,1.000000,0.019564,1.000000,7.000000,7.000000,7.000000,0.000000,51.930355,0.887868,1.106897,0.673309,0.307093,0.906318,53.009433,44.162821,0.755065,25.934851,0.443416,8.016954,0.137068,84.898947,111.382385,115.865169,106.899601,8.965568,0.922621
sample2_26h,56,20,27,0,-1,0.511789,3198.861111,2165.833333,4231.888889,2066.055556,0.676136,220.150331,177.612676,262.687986,85.075310,0.771207,1.205751,1.050000,1.361502,0.311502,0.893258,0.816708,0.770662,0.862754,0.092092,0.980436,0.990218,0.980436,1.000000,0.019564,0.857143,6.500000,6.000000,7.000000,1.000000,57.747735,1.034985,1.005917,0.629643,0.302747,0.743514,41.484937,48.001356,0.860305,28.285610,0.506949,15.588532,0.279386,70.003273,143.750168,147.305401,140.194936,7.110465,0.951730
sample2_26h,57,21,22,1,1,0.558137,2648.833333,1897.666667,3400.000000,1502.333333,0.768361,206.736071,179.655545,233.816597,54.161052,0.980138,1.061574,1.050926,1.072222,0.021296,0.945389,0.760177,0.738837,0.781516,0.042680,0.998947,0.999474,0.998947,1.000000,0.001053,0.714286,6.000000,5.000000,7.000000,2.000000,39.933632,0.783998,1.032609,0.779383,0.164349,1.189835,60.605280,34.175430,0.670950,19.911401,0.390911,7.789550,0.152929,18.557945,161.258692,166.683468,155.833916,10.849553,0.934909
sample2_26h,58,21,23,0,-1,0.503004,2835.166667,1897.666667,3772.666667,1875.000000,0.721280,214.367103,179.655545,249.078661,69.423116,0.861749,1.158231,1.072222,1.244240,0.172017,0.966859,0.751499,0.738837,0.764162,0.025325,0.998947,0.999474,0.998947,1.000000,0.001053,0.833333,5.500000,5.000000,6.000000,1.000000,54.599936,1.040155,1.068249,0.539791,0.549468,0.623028,32.704060,48.881213,0.931210,26.135671,0.497897,8.982735,0.171125,76.250613,120.103595,126.317590,113.889601,12.427990,0.901613
sample2_26h,59,22,23,0,-1,0.901219,3586.333333,3400.000000,3772.666667,372.666667,0.938726,241.447629,233.816597,249.078661,15.262064,0.844633,1.147583,1.050926,1.244240,0.193314,0.977793,0.772839,0.764162,0.781516,0.017355,1.000000,1.000000,1.000000,1.000000,0.000000,0.857143,6.500000,6.000000,7.000000,1.000000,64.856841,1.083371,1.443299,0.523394,0.429269,0.567200,33.955854,54.747423,0.914503,32.318696,0.539853,3.650228,0.060974,80.086172,101.651851,127.620769,75.682932,51.937837,0.593030
sample2_26h,60,22,27,0,-1,0.637010,2782.916667,2165.833333,3400.000000,1234.166667,0.759624,205.714636,177.612676,233.816597,56.203920,0.999119,1.050463,1.050000,1.050926,0.000926,0.905839,0.822135,0.781516,0.862754,0.081238,1.000000,1.000000,1.000000,1.000000,0.000000,0.857143,6.500000,6.000000,7.000000,1.000000,55.456519,1.057846,1.308880,0.517690,0.522713,0.418352,21.931712,46.769044,0.892130,26.221140,0.500174,1.840438,0.035107,58.982259,86.339746,88.686758,83.992735,4.694024,0.947072
sample2_26h,61,22,28,0,-1,0.438015,2444.625000,1489.250000,3400.000000,1910.750000,0.675760,195.910218,158.003839,233.816597,75.812758,0.818368,1.167549,1.050926,1.284173,0.233247,0.959189,0.765569,0.749622,0.781516,0.031895,1.000000,1.000000,1.000000,1.000000,0.000000,0.571429,5.500000,4.000000,7.000000,3.000000,45.300305,0.934988,1.390086,0.596071,0.401550,0.730309,35.383612,38.211551,0.788677,20.526614,0.423665,9.491099,0.195894,26.839885,99.920253,100.311766,99.528739,0.783026,0.992194
sample2_26h,62,22,29,0,-1,0.973306,3446.625000,3400.000000,3493.250000,93.250000,0.995547,233.295960,232.775324,233.816597,1.041272,0.950519,1.078280,1.050926,1.105634,0.054708,0.964656,0.795833,0.781516,0.810150,0.028634,1.000000,1.000000,1.000000,1.000000,0.000000,1.000000,7.000000,7.000000,7.000000,0.000000,80.278701,1.367456,1.229651,0.490084,0.535379,0.393257,23.086793,57.491002,0.979293,37.258376,0.634654,0.361096,0.006151,56.574868,118.356486,124.107842,112.605130,11.502712,0.907317
sample2_26h,63,23,25,1,1,0.796790,4253.750000,3772.666667,4734.833333,962.166667,0.910559,261.311678,249.078661,273.544695,24.466034,0.873868,1.165771,1.087302,1.244240,0.156938,0.961009,0.779664,0.764162,0.795166,0.031005,1.000000,1.000000,1.000000,1.000000,0.000000,0.833333,5.500000,5.000000,6.000000,1.000000,50.525092,0.775923,1.075472,0.873734,0.038672,1.327062,86.413091,42.750402,0.656526,25.204856,0.387076,6.018813,0.092432,81.921539,168.710523,176.478526,160.942521,15.536005,0.911967
sample2_26h,64,23,29,0,-1,0.925937,3632.958333,3493.250000,3772.666667,279.416667,0.934545,240.926992,232.775324,249.078661,16.303336,0.888602,1.174937,1.105634,1.244240,0.138606,0.943234,0.787156,0.764162,0.810150,0.045989,1.000000,1.000000,1.000000,1.000000,0.000000,0.857143,6.500000,6.000000,7.000000,1.000000,66.769317,1.107968,1.290530,0.567447,0.452937,0.669747,40.360872,50.622478,0.840028,31.710198,0.526198,10.406699,0.172688,65.525148,116.736501,120.803490,112.669512,8.133978,0.932668
sample2_26h,65,24,27,0,-1,0.803301,2431.000000,2165.833333,2696.166667,530.333333,0.875295,190.265095,177.612676,202.917514,25.304837,0.877612,1.123214,1.050000,1.196429,0.146429,0.953741,0.842799,0.822844,0.862754,0.039910,1.000000,1.000000,1.000000,1.000000,0.000000,0.857143,6.500000,6.000000,7.000000,1.000000,55.054430,1.118275,1.527273,0.594685,0.456465,0.609365,30.000000,44.903571,0.912089,27.240281,0.553309,5.295752,0.107568,87.611279,106.701897,107.608796,105.794998,1.813798,0.983145
sample2_26h,66,24,31,0,-1,0.905401,2568.638889,2441.111111,2696.166667,255.055556,0.958738,207.284123,202.917514,211.650733,8.733219,0.955836,1.170009,1.143590,1.196429,0.052839,0.832224,0.753817,0.684791,0.822844,0.138053,1.000000,1.000000,1.000000,1.000000,0.000000,0.857143,6.500000,6.000000,7.000000,1.000000,62.927429,1.242002,1.611111,0.559762,0.324491,0.739811,37.483330,45.400881,0.896080,30.037102,0.592844,1.960606,0.038697,67.195820,150.626058,162.391204,138.860913,23.530291,0.855101
sample2_26h,67,24,32,0,-1,0.769930,3099.000000,2696.166667,3501.833333,805.666667,0.801497,228.045335,202.917514,253.173156,50.255643,0.797619,1.348214,1.196429,1.500000,0.303571,0.834358,0.754695,0.686547,0.822844,0.136297,1.000000,1.000000,1.000000,1.000000,0.000000,0.857143,6.500000,6.000000,7.000000,1.000000,74.612009,1.343139,2.439394,0.440168,0.500323,0.318990,17.720045,55.118591,0.992226,37.955873,0.683268,11.598126,0.208785,62.873305,110.390237,150.524111,70.256364,80.267747,0.466745
sample2_26h,68,25,26,0,-1,0.990496,4712.333333,4689.833333,4734.833333,45.000000,0.996576,273.076384,272.608073,273.544695,0.936622,0.940786,1.121520,1.087302,1.155738,0.068436,0.997314,0.794098,0.793030,0.795166,0.002136,1.000000,1.000000,1.000000,1.000000,0.000000,0.833333,5.500000,5.000000,6.000000,1.000000,75.576375,1.100954,1.916058,0.579793,0.346750,0.686063,47.095647,64.307887,0.936801,37.565296,0.547230,0.886985,0.012921,73.798594,129.444510,135.000000,123.889020,11.110980,0.917696
sample2_26h,69,25,29,0,-1,0.737777,4114.041667,3493.250000,4734.833333,1241.583333,0.850959,253.160010,232.775324,273.544695,40.769371,0.983419,1.096468,1.087302,1.105634,0.018332,0.981505,0.802658,0.795166,0.810150,0.014984,1.000000,1.000000,1.000000,1.000000,0.000000,0.714286,6.000000,5.000000,7.000000,2.000000,76.837308,1.201392,1.219274,0.489432,0.696760,0.365015,23.345235,58.834924,0.919915,37.009489,0.578663,18.535895,0.289818,64.748334,98.456753,120.214551,76.698956,43.515595,0.638017
sample2_26h,70,25,34,0,-1,0.707396,4042.116667,3349.400000,4734.833333,1385.433333,0.846403,252.536913,231.529131,273.544695,42.015564,0.882785,1.159487,1.087302,1.231672,0.144370,0.987433,0.790170,0.785173,0.795166,0.009993,1.000000,1.000000,1.000000,1.000000,0.000000,0.833333,5.500000,5.000000,6.000000,1.000000,55.345762,0.873760,1.474830,0.727818,0.149550,1.037767,65.734314,40.342521,0.636899,27.540445,0.434789,9.481403,0.149686,55.525177,129.844117,135.000000,124.688234,10.311766,0.923617
sample2_26h,71,26,30,1,1,0.597522,3746.055556,2802.277778,4689.833333,1887.555556,0.852365,252.484793,232.361512,272.608073,40.246560,0.906098,1.215624,1.155738,1.275510,0.119772,0.822437,0.722624,0.652218,0.793030,0.140813,1.000000,1.000000,1.000000,1.000000,0.000000,0.857143,6.500000,6.000000,7.000000,1.000000,42.423269,0.698792,1.117647,0.890418,0.015349,1.480823,89.899944,29.510075,0.486087,21.211633,0.349396,10.371648,0.170841,4.766298,168.185311,180.000000,156.370622,23.629378,0.868726
sample2_26h,72,26,34,0,-1,0.714183,4019.616667,3349.400000,4689.833333,1340.433333,0.849311,252.068602,231.529131,272.608073,41.078942,0.938349,1.193705,1.155738,1.231672,0.075934,0.990092,0.789102,0.785173,0.793030,0.007857,1.000000,1.000000,1.000000,1.000000,0.000000,1.000000,6.000000,6.000000,6.000000,0.000000,89.691261,1.419656,1.187900,0.465359,0.558063,0.302398,19.104973,68.172738,1.079055,44.807144,0.709219,11.664253,0.184625,79.389034,96.077574,102.155148,90.000000,12.155148,0.881013
sample2_26h,73,27,28,1,1,0.687611,1827.541667,1489.250000,2165.833333,676.583333,0.889598,167.808258,158.003839,177.612676,19.608838,0.817647,1.167086,1.050000,1.284173,0.234173,0.868871,0.806188,0.749622,0.862754,0.113132,1.000000,1.000000,1.000000,1.000000,0.000000,0.666667,5.000000,4.000000,6.000000,2.000000,40.537705,0.952379,1.100671,0.724647,0.189645,0.985023,41.927186,36.003947,0.845865,20.261042,0.476006,4.955703,0.116428,81.601800,170.247279,180.000000,160.494557,19.505443,0.891636
sample2_26h,74,27,31,0,-1,0.887233,2303.472222,2165.833333,2441.111111,275.277778,0.839178,194.631705,177.612676,211.650733,34.038056,0.918161,1.096795,1.050000,1.143590,0.093590,0.793726,0.773772,0.684791,0.862754,0.177963,1.000000,1.000000,1.000000,1.000000,0.000000,1.000000,6.000000,6.000000,6.000000,0.000000,55.094434,1.148445,1.240143,0.447961,0.656545,0.310273,14.884742,47.768578,0.995738,26.262246,0.547437,2.671774,0.055693,44.422346,74.936220,90.000000,59.872441,30.127559,0.665249
sample2_26h,75,27,33,0,-1,0.965718,2128.708333,2091.583333,2165.833333,74.250000,0.960980,181.218629,177.612676,184.824582,7.211905,0.843223,1.147611,1.050000,1.245223,0.195223,0.891823,0.816089,0.769424,0.862754,0.093330,1.000000,1.000000,1.000000,1.000000,0.000000,0.833333,5.500000,5.000000,6.000000,1.000000,52.540426,1.138812,1.414966,0.565182,0.465345,0.593549,27.384099,42.725085,0.926065,25.588863,0.554638,0.486079,0.010536,72.174833,132.869778,176.437492,89.302064,87.135428,0.506140
sample2_26h,76,28,29,0,-1,0.426322,2491.250000,1489.250000,3493.250000,2004.000000,0.678783,195.389582,158.003839,232.775324,74.771486,0.860970,1.194903,1.105634,1.284173,0.178539,0.925287,0.779886,0.749622,0.810150,0.060529,1.000000,1.000000,1.000000,1.000000,0.000000,0.571429,5.500000,4.000000,7.000000,3.000000,58.129933,1.190035,1.250896,0.620048,0.171668,0.747297,36.503424,53.088626,1.086829,28.030733,0.573844,20.288100,0.415338,71.120851,151.578713,168.157426,135.000000,33.157426,0.802819
sample2_26h,77,28,33,0,-1,0.712020,1790.416667,1489.250000,2091.583333,602.333333,0.854885,171.414210,158.003839,184.824582,26.820743,0.969669,1.264698,1.245223,1.284173,0.038950,0.974264,0.759523,0.749622,0.769424,0.019802,1.000000,1.000000,1.000000,1.000000,0.000000,0.800000,4.500000,4.000000,5.000000,1.000000,37.072402,0.879278,1.208145,0.695011,0.270421,1.048083,44.189617,36.119620,0.856680,18.532026,0.439540,3.295592,0.078164,74.780423,143.199310,176.337580,110.061039,66.276541,0.624150
sample2_26h,78,29,34,0,-1,0.958821,3421.325000,3349.400000,3493.250000,143.850000,0.994646,232.152228,231.529131,232.775324,1.246193,0.897669,1.168653,1.105634,1.231672,0.126038,0.969170,0.797662,0.785173,0.810150,0.024977,1.000000,1.000000,1.000000,1.000000,0.000000,0.857143,6.500000,6.000000,7.000000,1.000000,79.427431,1.357992,1.658004,0.487695,0.667168,0.379621,22.203603,60.431780,1.033219,39.345273,0.672697,2.163049,0.036982,85.048303,122.355279,126.091869,118.618689,7.473180,0.940732
sample2_26h,79,29,35,1,1,0.618025,2826.083333,2158.916667,3493.250000,1334.333333,0.787741,208.071020,183.366716,232.775324,49.408608,0.983663,1.096602,1.087571,1.105634,0.018063,0.995954,0.808511,0.806872,0.810150,0.003278,1.000000,1.000000,1.000000,1.000000,0.000000,0.714286,6.000000,5.000000,7.000000,2.000000,44.359787,0.840403,1.093190,0.764822,0.191195,1.055247,55.700090,40.632620,0.769791,22.176356,0.420135,6.950681,0.131682,80.151022,161.394208,174.920414,147.868001,27.052414,0.845344
sample2_26h,80,29,38,0,-1,0.886806,3295.541667,3097.833333,3493.250000,395.416667,0.940998,225.908248,219.041172,232.775324,13.734153,0.949652,1.134943,1.105634,1.164251,0.058617,0.998503,0.810758,0.810150,0.811365,0.001215,1.000000,1.000000,1.000000,1.000000,0.000000,0.714286,6.000000,5.000000,7.000000,2.000000,63.876117,1.113194,1.307317,0.548294,0.424882,0.550275,31.575307,51.260084,0.893329,31.574548,0.550262,5.402151,0.094145,77.469168,109.936524,122.732278,97.140771,25.591507,0.791485
sample2_26h,81,30,34,0,-1,0.836651,3075.838889,2802.277778,3349.400000,547.122222,0.996418,231.945322,231.529131,232.361512,0.832381,0.965630,1.253591,1.231672,1.275510,0.043839,0.830667,0.718696,0.652218,0.785173,0.132956,1.000000,1.000000,1.000000,1.000000,0.000000,0.857143,6.500000,6.000000,7.000000,1.000000,88.901932,1.604575,1.752504,0.398427,0.532765,0.211256,11.704700,62.522150,1.128451,44.123782,0.796382,3.454723,0.062354,86.798596,108.412030,117.856562,98.967499,18.889062,0.839728
sample2_26h,82,30,36,0,-1,0.610075,3697.805556,2802.277778,4593.333333,1791.055556,0.873816,249.138746,232.361512,265.915979,33.554467,0.910465,1.338227,1.275510,1.400943,0.125433,0.798994,0.734258,0.652218,0.816298,0.164081,1.000000,1.000000,1.000000,1.000000,0.000000,0.857143,6.500000,6.000000,7.000000,1.000000,88.327032,1.463450,1.092910,0.441273,0.740307,0.326035,19.677963,66.417291,1.100438,44.091450,0.730531,11.711006,0.194034,80.798860,90.353606,118.862178,61.845034,57.017144,0.520309
sample2_26h,83,31,32,1,1,0.697095,2971.472222,2441.111111,3501.833333,1060.722222,0.835992,232.411945,211.650733,253.173156,41.522424,0.762393,1.321795,1.143590,1.500000,0.356410,0.997442,0.685669,0.684791,0.686547,0.001756,1.000000,1.000000,1.000000,1.000000,0.000000,1.000000,6.000000,6.000000,6.000000,0.000000,34.904952,0.642912,1.111111,0.800473,0.110514,1.467799,79.689676,30.155011,0.555423,17.451374,0.321436,4.577395,0.084311,1.937816,143.053639,151.107279,135.000000,16.107279,0.893405
sample2_26h,84,31,33,0,-1,0.856816,2266.347222,2091.583333,2441.111111,349.527778,0.873253,198.237657,184.824582,211.650733,26.826151,0.918382,1.194406,1.143590,1.245223,0.101633,0.890005,0.727107,0.684791,0.769424,0.084633,1.000000,1.000000,1.000000,1.000000,0.000000,0.833333,5.500000,5.000000,6.000000,1.000000,42.561672,0.894703,1.486547,0.637695,0.200200,1.025938,48.804599,30.712120,0.645610,19.135682,0.402258,0.096180,0.002022,29.255704,119.787018,121.717474,117.856562,3.860913,0.968280
sample2_26h,85,31,37,0,-1,0.819914,2221.305556,2001.500000,2441.111111,439.611111,0.891922,200.213347,188.775960,211.650733,22.874772,0.976235,1.157509,1.143590,1.171429,0.027839,0.970255,0.695288,0.684791,0.705784,0.020994,1.000000,1.000000,1.000000,1.000000,0.000000,0.833333,5.500000,5.000000,6.000000,1.000000,72.433054,1.538743,1.109145,0.412842,0.548901,0.347269,16.346933,53.450003,1.135474,36.023294,0.765267,4.802218,0.102017,78.149784,110.020270,125.149336,94.891204,30.258133,0.758224
sample2_26h,86,31,39,0,-1,0.670072,3042.083333,2441.111111,3643.055556,1201.944444,0.872257,227.148986,211.650733,242.647239,30.996506,0.852257,1.242713,1.143590,1.341837,0.198247,0.880710,0.731167,0.684791,0.777544,0.092753,1.000000,1.000000,1.000000,1.000000,0.000000,0.857143,6.500000,6.000000,7.000000,1.000000,88.437145,1.611386,1.583893,0.422460,0.529188,0.263133,14.441453,62.009907,1.129863,44.218290,0.805688,13.174987,0.240057,89.349536,131.447799,146.109210,116.786388,29.322822,0.799309
sample2_26h,87,32,39,0,-1,0.961235,3572.444444,3501.833333,3643.055556,141.222222,0.958424,247.910198,242.647239,253.173156,10.525917,0.894558,1.420918,1.341837,1.500000,0.158163,0.882968,0.732045,0.686547,0.777544,0.090997,1.000000,1.000000,1.000000,1.000000,0.000000,0.857143,6.500000,6.000000,7.000000,1.000000,87.492799,1.463898,1.257373,0.458309,0.412323,0.445130,26.604093,60.781099,1.016967,38.120829,0.637824,2.378541,0.039797,50.986509,111.662612,123.799720,99.525504,24.274215,0.803924
sample2_26h,88,33,35,0,-1,0.968812,2125.250000,2091.583333,2158.916667,67.333333,0.992112,184.095649,183.366716,184.824582,1.457865,0.873394,1.166397,1.087571,1.245223,0.157652,0.953588,0.788148,0.769424,0.806872,0.037448,1.000000,1.000000,1.000000,1.000000,0.000000,1.000000,5.000000,5.000000,5.000000,0.000000,55.336011,1.200374,1.260536,0.583908,0.216680,0.713052,32.870960,47.646859,1.033577,27.255933,0.591248,0.405117,0.008788,74.556025,144.103984,167.148616,121.059352,46.089264,0.724262
sample2_26h,89,33,37,0,-1,0.956931,2046.541667,2001.500000,2091.583333,90.083333,0.979068,186.800271,184.824582,188.775960,3.951379,0.940738,1.208326,1.171429,1.245223,0.073794,0.917290,0.737604,0.705784,0.769424,0.063639,1.000000,1.000000,1.000000,1.000000,0.000000,1.000000,5.000000,5.000000,5.000000,0.000000,50.444835,1.115149,1.694581,0.533676,0.413055,0.698013,31.575307,40.754942,0.900941,23.588266,0.521449,0.244602,0.005407,54.975338,123.491452,129.591700,117.391204,12.200497,0.905854
sample2_26h,90,34,36,1,1,0.729187,3971.366667,3349.400000,4593.333333,1243.933333,0.870685,248.722555,231.529131,265.915979,34.386848,0.879173,1.316307,1.231672,1.400943,0.169272,0.961871,0.800736,0.785173,0.816298,0.031125,1.000000,1.000000,1.000000,1.000000,0.000000,1.000000,6.000000,6.000000,6.000000,0.000000,55.609479,0.885162,1.269625,0.794665,0.077119,1.138432,71.520906,43.128306,0.686493,27.686607,0.440701,8.929087,0.142128,73.378632,164.601001,166.047036,163.154966,2.892070,0.982583
sample2_26h,91,34,38,0,-1,0.924892,3223.616667,3097.833333,3349.400000,251.566667,0.946063,225.285151,219.041172,231.529131,12.487959,0.945261,1.197961,1.164251,1.231672,0.067420,0.967719,0.798269,0.785173,0.811365,0.026192,1.000000,1.000000,1.000000,1.000000,0.000000,0.833333,5.500000,5.000000,6.000000,1.000000,67.318945,1.185901,1.295597,0.598097,0.102990,0.726854,41.260635,58.325414,1.027469,33.491228,0.589986,2.209192,0.038917,78.478199,140.960949,175.717879,106.204018,69.513862,0.604401
sample2_26h,92,35,37,0,-1,0.927085,2080.208333,2001.500000,2158.916667,157.416667,0.971346,186.071338,183.366716,188.775960,5.409244,0.928414,1.129500,1.087571,1.171429,0.083858,0.874717,0.756328,0.705784,0.806872,0.101088,1.000000,1.000000,1.000000,1.000000,0.000000,1.000000,5.000000,5.000000,5.000000,0.000000,40.003629,0.877251,1.092559,0.589123,0.384857,0.814046,37.121422,34.838238,0.763977,19.990729,0.438382,2.130160,0.046713,38.997579,102.037655,110.096017,93.979292,16.116726,0.853612
sample2_26h,93,35,38,0,-1,0.696912,2628.375000,2158.916667,3097.833333,938.916667,0.837134,201.203944,183.366716,219.041172,35.674455,0.934137,1.125911,1.087571,1.164251,0.076681,0.994462,0.809119,0.806872,0.811365,0.004493,1.000000,1.000000,1.000000,1.000000,0.000000,1.000000,5.000000,5.000000,5.000000,0.000000,53.316738,1.044174,1.212435,0.619543,0.361916,0.742973,37.937082,43.361952,0.849216,26.330418,0.515664,5.809412,0.113774,74.200345,114.516850,116.655139,112.378561,4.276578,0.963340
sample2_26h,94,35,41,0,-1,0.843711,2358.875000,2158.916667,2558.833333,399.916667,0.926442,190.646279,183.366716,197.925841,14.559125,0.996940,1.089240,1.087571,1.090909,0.003338,0.983010,0.813845,0.806872,0.820818,0.013946,1.000000,1.000000,1.000000,1.000000,0.000000,0.714286,6.000000,5.000000,7.000000,2.000000,60.700269,1.250919,2.093583,0.507405,0.597531,0.406746,19.737162,47.317849,0.975133,30.236828,0.623125,4.440553,0.091512,83.967565,121.259138,125.402400,117.115875,8.286525,0.933921
sample2_26h,95,36,40,0,-1,0.477126,3392.466667,2191.600000,4593.333333,2401.733333,0.719653,228.641643,191.367306,265.915979,74.548673,0.810074,1.267906,1.134868,1.400943,0.266075,0.921270,0.784165,0.752031,0.816298,0.064268,1.000000,1.000000,1.000000,1.000000,0.000000,1.000000,6.000000,6.000000,6.000000,0.000000,65.561278,1.144289,1.227564,0.573582,0.290762,0.626013,35.866976,56.359678,0.983687,32.752898,0.571660,15.148772,0.264403,81.067131,142.117925,176.358906,107.876944,68.481962,0.611690
sample2_26h,96,36,42,0,-1,0.729378,3971.805556,3350.277778,4593.333333,1243.055556,0.855923,246.759824,227.603668,265.915979,38.312311,0.903662,1.475620,1.400943,1.550296,0.149352,0.995596,0.814501,0.812704,0.816298,0.003595,1.000000,1.000000,1.000000,1.000000,0.000000,1.000000,6.000000,6.000000,6.000000,0.000000,71.510284,1.138194,2.282407,0.591403,0.237298,0.657989,41.340053,54.784945,0.871985,33.787765,0.537783,8.375710,0.133312,68.349216,120.748218,135.000000,106.496437,28.503563,0.788862
sample2_26h,97,36,44,0,-1,0.853937,4257.875000,3922.416667,4593.333333,670.916667,0.904897,253.271217,240.626454,265.915979,25.289525,0.777985,1.245428,1.089912,1.400943,0.311031,0.958897,0.833794,0.816298,0.851289,0.034990,1.000000,1.000000,1.000000,1.000000,0.000000,1.000000,6.000000,6.000000,6.000000,0.000000,83.651434,1.282965,1.369919,0.523292,0.586286,0.416617,27.164110,65.826191,1.009578,41.821873,0.641423,4.935495,0.075696,85.873764,130.642871,136.066950,125.218792,10.848158,0.920273
sample2_26h,98,37,39,1,1,0.549401,2822.277778,2001.500000,3643.055556,1641.555556,0.777985,215.711600,188.775960,242.647239,53.871279,0.873004,1.256633,1.171429,1.341837,0.170408,0.907710,0.741664,0.705784,0.777544,0.071760,1.000000,1.000000,1.000000,1.000000,0.000000,0.714286,6.000000,5.000000,7.000000,2.000000,39.682231,0.755163,1.270042,0.851149,0.061987,1.358217,71.371485,33.019825,0.628375,19.058607,0.362690,9.564505,0.182015,35.684863,153.054824,170.345885,135.763763,34.582122,0.796989
sample2_26h,99,37,41,0,-1,0.782192,2280.166667,2001.500000,2558.833333,557.333333,0.953771,193.350901,188.775960,197.925841,9.149881,0.931264,1.131169,1.090909,1.171429,0.080519,0.859855,0.763301,0.705784,0.820818,0.115034,1.000000,1.000000,1.000000,1.000000,0.000000,0.714286,6.000000,5.000000,7.000000,2.000000,56.692360,1.189479,1.035484,0.552775,0.419195,0.678971,32.360813,44.699466,0.937852,25.638307,0.537925,0.447197,0.009383,65.072508,120.829937,130.287203,111.372671,18.914532,0.854824
sample2_26h,100,38,40,1,1,0.707462,2644.716667,2191.600000,3097.833333,906.233333,0.873659,205.204239,191.367306,219.041172,27.673866,0.974763,1.149560,1.134868,1.164251,0.029383,0.926871,0.781698,0.752031,0.811365,0.059334,1.000000,1.000000,1.000000,1.000000,0.000000,0.833333,5.500000,5.000000,6.000000,1.000000,40.507583,0.790602,1.003623,0.887823,0.005420,1.334887,68.394737,34.951315,0.682158,20.240715,0.395046,6.480628,0.126485,84.513900,168.937193,170.748970,167.125416,3.623554,0.978778
sample2_26h,101,38,41,0,-1,0.826007,2828.333333,2558.833333,3097.833333,539.000000,0.903601,208.483506,197.925841,219.041172,21.115330,0.937005,1.127580,1.090909,1.164251,0.073342,0.988484,0.816092,0.811365,0.820818,0.009453,1.000000,1.000000,1.000000,1.000000,0.000000,0.714286,6.000000,5.000000,7.000000,2.000000,59.757204,1.124915,1.139159,0.625091,0.166871,0.750607,39.873411,44.512540,0.837938,29.864550,0.562193,6.425030,0.120950,86.717096,111.228436,125.471261,96.985611,28.485650,0.772971
sample2_26h,102,39,41,0,-1,0.702387,3100.944444,2558.833333,3643.055556,1084.222222,0.815694,220.286540,197.925841,242.647239,44.721398,0.812997,1.216373,1.090909,1.341837,0.250928,0.947279,0.799181,0.777544,0.820818,0.043274,1.000000,1.000000,1.000000,1.000000,0.000000,1.000000,7.000000,7.000000,7.000000,0.000000,60.127196,1.083933,1.314488,0.508847,0.524249,0.443617,24.608038,53.128197,0.957760,30.071437,0.542108,11.422252,0.205913,80.701639,100.657930,126.650378,74.665481,51.984896,0.589540
sample2_26h,103,39,46,0,-1,0.880603,3890.027778,3643.055556,4137.000000,493.944444,0.963121,247.292918,242.647239,251.938597,9.291357,0.955628,1.312067,1.282297,1.341837,0.059540,0.949334,0.798293,0.777544,0.819042,0.041498,1.000000,1.000000,1.000000,1.000000,0.000000,1.000000,7.000000,7.000000,7.000000,0.000000,73.083523,1.172363,1.968992,0.603082,0.153298,0.737537,45.977047,54.596298,0.875802,36.295684,0.582234,2.023965,0.032467,79.291421,140.030481,158.225108,121.835853,36.389255,0.770016
sample2_26h,104,40,41,0,-1,0.856484,2375.216667,2191.600000,2558.833333,367.233333,0.966864,194.646574,191.367306,197.925841,6.558535,0.961265,1.112889,1.090909,1.134868,0.043959,0.916197,0.786424,0.752031,0.820818,0.068787,1.000000,1.000000,1.000000,1.000000,0.000000,0.857143,6.500000,6.000000,7.000000,1.000000,71.034450,1.458621,1.801300,0.412647,0.955365,0.091831,4.472136,54.505780,1.119222,34.969953,0.718073,0.822179,0.016883,68.793434,99.937373,108.383378,91.491368,16.892010,0.844146
sample2_26h,105,40,42,0,-1,0.654155,2770.938889,2191.600000,3350.277778,1158.677778,0.840792,209.485487,191.367306,227.603668,36.236362,0.732033,1.342582,1.134868,1.550296,0.415427,0.925345,0.782367,0.752031,0.812704,0.060673,1.000000,1.000000,1.000000,1.000000,0.000000,1.000000,6.000000,6.000000,6.000000,0.000000,63.553551,1.214058,1.081548,0.481509,0.574795,0.369323,19.333333,55.004132,1.050739,31.884875,0.609094,15.553510,0.297117,88.880646,103.530816,121.909923,85.151709,36.758214,0.698481
sample2_26h,106,40,43,0,-1,0.746684,2563.355556,2191.600000,2935.111111,743.511111,0.912237,200.572666,191.367306,209.778027,18.410721,0.986196,1.142811,1.134868,1.150754,0.015885,0.897266,0.795083,0.752031,0.838136,0.086105,1.000000,1.000000,1.000000,1.000000,0.000000,1.000000,6.000000,6.000000,6.000000,0.000000,59.541140,1.179135,1.063502,0.547572,0.272689,0.575672,29.068884,44.466829,0.880608,29.700164,0.588173,4.182894,0.082837,75.895603,99.715035,103.989737,95.440332,8.549405,0.917786
sample2_26h,107,40,45,0,-1,0.638676,1795.661111,1399.722222,2191.600000,791.877778,0.842270,176.275083,161.182860,191.367306,30.184445,0.754466,1.319535,1.134868,1.504202,0.369333,0.900282,0.714535,0.677039,0.752031,0.074991,1.000000,1.000000,1.000000,1.000000,0.000000,0.833333,5.500000,5.000000,6.000000,1.000000,43.235503,1.026638,1.557488,0.559190,0.388684,0.812829,34.231240,37.433070,0.888857,21.118872,0.501473,3.654370,0.086774,77.852075,134.546079,151.235596,117.856562,33.379035,0.779291
sample2_26h,108,41,43,1,1,0.871801,2746.972222,2558.833333,2935.111111,376.277778,0.943501,203.851934,197.925841,209.778027,11.852185,0.947995,1.120831,1.090909,1.150754,0.059845,0.979338,0.829477,0.820818,0.838136,0.017318,1.000000,1.000000,1.000000,1.000000,0.000000,0.857143,6.500000,6.000000,7.000000,1.000000,48.435096,0.924673,1.150735,0.796040,0.063100,1.080623,56.603887,35.403802,0.675893,24.132197,0.460707,3.008227,0.057430,81.602796,164.235345,171.090556,157.380135,13.710420,0.919865
sample2_26h,109,41,46,0,-1,0.618524,3347.916667,2558.833333,4137.000000,1578.166667,0.785611,224.932219,197.925841,251.938597,54.012755,0.850746,1.186603,1.090909,1.282297,0.191388,0.997836,0.819930,0.819042,0.820818,0.001776,1.000000,1.000000,1.000000,1.000000,0.000000,1.000000,7.000000,7.000000,7.000000,0.000000,70.567909,1.228289,1.328173,0.502205,0.663248,0.352822,20.270394,53.643083,0.933699,34.538020,0.601161,8.847491,0.153997,71.934256,88.599688,108.500851,68.698525,39.802326,0.633161
sample2_26h,110,42,44,0,-1,0.854136,3636.347222,3350.277778,3922.416667,572.138889,0.945880,234.115061,227.603668,240.626454,13.022786,0.703035,1.320104,1.089912,1.550296,0.460384,0.954674,0.831996,0.812704,0.851289,0.038585,1.000000,1.000000,1.000000,1.000000,0.000000,1.000000,6.000000,6.000000,6.000000,0.000000,56.349901,0.935184,1.358834,0.671446,0.279470,0.823972,49.648766,46.545226,0.772466,27.440786,0.455408,4.745781,0.078761,66.277473,117.813343,120.264368,115.362317,4.902051,0.959239
sample2_26h,111,42,45,1,1,0.417793,2375.000000,1399.722222,3350.277778,1950.555556,0.708173,194.393264,161.182860,227.603668,66.420807,0.970267,1.527249,1.504202,1.550296,0.046094,0.833071,0.744872,0.677039,0.812704,0.135664,1.000000,1.000000,1.000000,1.000000,0.000000,0.833333,5.500000,5.000000,6.000000,1.000000,37.267570,0.782156,1.007634,0.828678,0.081216,1.263465,60.200591,30.438623,0.638833,18.248386,0.382989,11.785893,0.247357,31.989082,163.885179,175.626919,152.143438,23.483480,0.866288
sample2_26h,112,42,49,0,-1,0.717652,2877.305556,2404.333333,3350.277778,945.944444,0.849903,210.522312,193.440957,227.603668,34.162711,0.893130,1.467456,1.384615,1.550296,0.165680,0.993517,0.810069,0.807435,0.812704,0.005268,1.000000,1.000000,1.000000,1.000000,0.000000,1.000000,6.000000,6.000000,6.000000,0.000000,63.842652,1.194263,1.815789,0.510492,0.430341,0.417822,22.335821,49.727997,0.930229,30.261700,0.566086,9.161356,0.171375,59.392945,86.951316,103.870823,70.031808,33.839015,0.674220
sample2_26h,113,42,50,0,-1,0.954744,3429.680556,3350.277778,3509.083333,158.805556,0.993352,226.847156,226.090644,227.603668,1.513024,0.751501,1.357672,1.165049,1.550296,0.385247,0.942093,0.837680,0.812704,0.862657,0.049954,1.000000,1.000000,1.000000,1.000000,0.000000,1.000000,6.000000,6.000000,6.000000,0.000000,73.731360,1.259083,1.600707,0.583942,0.244556,0.593329,34.745104,56.444290,0.963878,36.842812,0.629151,0.691107,0.011802,86.990504,143.903444,151.311121,136.495768,14.815353,0.902087
sample2_26h,114,43,45,0,-1,0.476889,2167.416667,1399.722222,2935.111111,1535.388889,0.768350,185.480443,161.182860,209.778027,48.595166,0.765026,1.327478,1.150754,1.504202,0.353448,0.807792,0.757588,0.677039,0.838136,0.161096,1.000000,1.000000,1.000000,1.000000,0.000000,0.833333,5.500000,5.000000,6.000000,1.000000,49.421110,1.079187,1.653266,0.551798,0.495316,0.619772,28.382311,42.407399,0.926032,24.053597,0.525248,15.131984,0.330430,70.118517,111.045155,114.802660,107.287651,7.515010,0.934540
sample2_26h,115,43,46,0,-1,0.709478,3536.055556,2935.111111,4137.000000,1201.888889,0.832655,230.858312,209.778027,251.938597,42.160570,0.897416,1.216525,1.150754,1.282297,0.131543,0.977218,0.828589,0.819042,0.838136,0.019094,1.000000,1.000000,1.000000,1.000000,0.000000,0.857143,6.500000,6.000000,7.000000,1.000000,70.635865,1.192205,1.295238,0.486719,0.574479,0.290383,17.204651,56.186406,0.948324,34.233427,0.577798,7.209745,0.121687,73.805447,102.979047,123.752433,82.205660,41.546772,0.664275
sample2_26h,116,43,47,0,-1,0.873025,3148.555556,2935.111111,3362.000000,426.888889,0.920216,218.872068,209.778027,227.966109,18.188083,0.859759,1.244608,1.150754,1.338462,0.187708,0.969957,0.825546,0.812956,0.838136,0.025180,1.000000,1.000000,1.000000,1.000000,0.000000,0.833333,5.500000,5.000000,6.000000,1.000000,59.312668,1.057649,1.500000,0.624986,0.360077,0.730353,40.957973,47.805761,0.852461,28.890250,0.515164,4.920148,0.087735,77.145261,124.568930,140.358568,108.779291,31.579277,0.775010
sample2_26h,117,43,48,0,-1,0.735993,2547.666667,2160.222222,2935.111111,774.888889,0.868140,195.947340,182.116654,209.778027,27.661372,0.924180,1.197958,1.150754,1.245161,0.094408,0.976550,0.828309,0.818482,0.838136,0.019654,1.000000,1.000000,1.000000,1.000000,0.000000,0.833333,5.500000,5.000000,6.000000,1.000000,52.717626,1.047493,1.156250,0.638092,0.297396,0.746319,37.560322,42.807031,0.850571,26.349798,0.523567,6.590524,0.130953,87.556571,133.654035,134.397634,132.910436,1.487198,0.988934
sample2_26h,118,44,50,0,-1,0.894623,3715.750000,3509.083333,3922.416667,413.333333,0.939592,233.358549,226.090644,240.626454,14.535810,0.935508,1.127480,1.089912,1.165049,0.075136,0.986821,0.856973,0.851289,0.862657,0.011369,1.000000,1.000000,1.000000,1.000000,0.000000,1.000000,6.000000,6.000000,6.000000,0.000000,66.893544,1.097815,1.442568,0.579951,0.522550,0.536955,32.718496,54.332476,0.891670,31.830535,0.522383,4.212133,0.069127,66.646309,116.099172,127.794934,104.403410,23.391524,0.816960
sample2_26h,119,45,48,0,-1,0.647953,1779.972222,1399.722222,2160.222222,760.500000,0.885053,171.649757,161.182860,182.116654,20.933794,0.827789,1.374681,1.245161,1.504202,0.259040,0.827190,0.747761,0.677039,0.818482,0.141442,1.000000,1.000000,1.000000,1.000000,0.000000,1.000000,5.000000,5.000000,5.000000,0.000000,48.493745,1.156112,1.607143,0.504086,0.517299,0.541143,22.698507,40.712389,0.970601,24.163670,0.576073,10.973389,0.261610,76.484723,84.626307,110.970089,58.282526,52.687564,0.525209
sample2_26h,120,45,49,0,-1,0.582166,1902.027778,1399.722222,2404.333333,1004.611111,0.833241,177.311908,161.182860,193.440957,32.258096,0.920498,1.444409,1.384615,1.504202,0.119586,0.838506,0.742237,0.677039,0.807435,0.130396,1.000000,1.000000,1.000000,1.000000,0.000000,0.833333,5.500000,5.000000,6.000000,1.000000,65.172126,1.507796,1.937500,0.457393,0.629971,0.362540,15.670212,45.654816,1.056252,27.934469,0.646281,11.099749,0.256799,45.254769,120.143856,127.101172,113.186539,13.914633,0.890523
sample2_26h,121,46,47,1,1,0.812666,3749.500000,3362.000000,4137.000000,775.000000,0.904848,239.952353,227.966109,251.938597,23.972488,0.958038,1.310379,1.282297,1.338462,0.056165,0.992570,0.815999,0.812956,0.819042,0.006086,1.000000,1.000000,1.000000,1.000000,0.000000,0.714286,6.000000,5.000000,7.000000,2.000000,59.185850,0.967862,1.014663,0.765424,0.062675,1.054986,64.513564,42.420731,0.693703,28.173985,0.460727,5.222302,0.085400,60.825287,155.786169,166.557132,145.015205,21.541927,0.870663
sample2_26h,122,47,48,0,-1,0.642541,2761.111111,2160.222222,3362.000000,1201.777778,0.798876,205.041382,182.116654,227.966109,45.849455,0.930293,1.291811,1.245161,1.338462,0.093300,0.993249,0.815719,0.812956,0.818482,0.005526,1.000000,1.000000,1.000000,1.000000,0.000000,1.000000,5.000000,5.000000,5.000000,0.000000,50.391000,0.964782,1.229885,0.621151,0.438571,0.726003,37.919505,44.143039,0.845159,25.186815,0.482225,8.144972,0.155943,73.183873,121.771241,126.426898,117.115583,9.311316,0.926350
sample2_26h,123,47,51,0,-1,0.762906,3884.416667,3362.000000,4406.833333,1044.833333,0.916615,238.335242,227.966109,248.704375,20.738265,0.759631,1.177599,1.016736,1.338462,0.321725,0.908024,0.854129,0.812956,0.895302,0.082346,1.000000,1.000000,1.000000,1.000000,0.000000,0.714286,6.000000,5.000000,7.000000,2.000000,67.989858,1.093377,1.205797,0.631693,0.287860,0.671774,41.773197,54.027499,0.868842,33.932059,0.545677,6.862049,0.110352,85.078636,132.512168,146.572937,118.451398,28.121539,0.808140
sample2_26h,124,48,49,1,1,0.898470,2282.277778,2160.222222,2404.333333,244.111111,0.941459,187.778805,182.116654,193.440957,11.324302,0.899283,1.314888,1.245161,1.384615,0.139454,0.986504,0.812958,0.807435,0.818482,0.011046,1.000000,1.000000,1.000000,1.000000,0.000000,0.833333,5.500000,5.000000,6.000000,1.000000,41.836817,0.876052,1.076000,0.811148,0.078893,1.147872,54.817880,33.097765,0.693058,20.425470,0.427704,2.176881,0.045583,63.686340,166.047565,175.626919,156.468212,19.158707,0.890912
sample2_26h,125,48,51,0,-1,0.490198,3283.527778,2160.222222,4406.833333,2246.611111,0.732262,215.410514,182.116654,248.704375,66.587720,0.816550,1.130949,1.016736,1.245161,0.228425,0.914196,0.856892,0.818482,0.895302,0.076820,1.000000,1.000000,1.000000,1.000000,0.000000,0.714286,6.000000,5.000000,7.000000,2.000000,65.033129,1.152434,1.679012,0.594485,0.432360,0.516035,29.120440,52.306545,0.926910,32.012846,0.567291,14.356375,0.254405,76.203302,112.350955,116.200467,108.501444,7.699024,0.933744
sample2_26h,126,49,50,0,-1,0.685174,2956.708333,2404.333333,3509.083333,1104.750000,0.855590,209.765800,193.440957,226.090644,32.649687,0.841424,1.274832,1.165049,1.384615,0.219567,0.935986,0.835046,0.807435,0.862657,0.055222,1.000000,1.000000,1.000000,1.000000,0.000000,1.000000,6.000000,6.000000,6.000000,0.000000,53.304911,0.984653,1.341176,0.638842,0.380265,0.724792,39.237171,41.889594,0.773788,25.610473,0.473079,8.209110,0.151639,57.375475,114.068563,121.206101,106.931026,14.275075,0.882225
sample2_26h,127,49,51,0,-1,0.545592,3405.583333,2404.333333,4406.833333,2002.500000,0.777795,221.072666,193.440957,248.704375,55.263418,0.734310,1.200676,1.016736,1.384615,0.367879,0.901858,0.851369,0.807435,0.895302,0.087867,1.000000,1.000000,1.000000,1.000000,0.000000,0.857143,6.500000,6.000000,7.000000,1.000000,63.190296,1.094982,1.123123,0.580433,0.438675,0.503715,29.068884,50.078748,0.867781,31.549383,0.546698,13.440742,0.232905,83.721643,111.242378,129.481572,93.003184,36.478387,0.718274
sample2_26h,128,49,52,0,-1,0.807516,2690.888889,2404.333333,2977.444444,573.111111,0.875672,207.173353,193.440957,220.905749,27.464793,0.882282,1.303119,1.221622,1.384615,0.162994,0.949581,0.787080,0.766725,0.807435,0.040710,1.000000,1.000000,1.000000,1.000000,0.000000,0.833333,5.500000,5.000000,6.000000,1.000000,58.885605,1.136788,1.372180,0.552946,0.363077,0.623764,32.310989,48.843394,0.942923,29.340537,0.566420,3.442691,0.066461,83.448949,126.724193,137.036610,116.411776,20.624834,0.849494
sample2_26h,129,50,52,0,-1,0.848496,3243.263889,2977.444444,3509.083333,531.638889,0.977067,223.498196,220.905749,226.090644,5.184894,0.953690,1.193335,1.165049,1.221622,0.056573,0.888794,0.814691,0.766725,0.862657,0.095933,1.000000,1.000000,1.000000,1.000000,0.000000,0.833333,5.500000,5.000000,6.000000,1.000000,53.868093,0.946686,1.158940,0.609229,0.372978,0.713649,40.607881,45.677163,0.802738,26.647675,0.468310,3.886786,0.068307,78.565226,107.844541,115.137720,100.551362,14.586359,0.873314
sample2_26h,130,51,52,0,-1,0.675643,3692.138889,2977.444444,4406.833333,1429.388889,0.888226,234.805062,220.905749,248.704375,27.798625,0.832284,1.119179,1.016736,1.221622,0.204885,0.856387,0.831013,0.766725,0.895302,0.128577,1.000000,1.000000,1.000000,1.000000,0.000000,0.714286,6.000000,5.000000,7.000000,2.000000,70.523665,1.166163,1.853556,0.574156,0.371329,0.558856,33.796778,52.603518,0.869839,34.822324,0.575814,7.240989,0.119735,84.291180,108.078796,112.444303,103.713288,8.731015,0.922353
