file,best_threshold,best_mwm_f1,row_number_1based,plot_label_all,plot_label_top,best_mwm_f1_percent
045_junctionAngleAverageDegrees__ge.csv,133.0,0.982051282051282,134,junction_angle_mean ≥,junction_angle_mean,98.2051282051282
035_unionConvexDeficiency__le.csv,0.12,0.9744245524296676,13,convex_deficiency ≤,convex_deficiency,97.44245524296676
047_junctionAngleMinDegrees__ge.csv,126.0,0.9743589743589745,127,junction_angle_min ≥,junction_angle_min,97.43589743589745
036_normalizedSharedEdgeLength__ge.csv,0.84,0.9717223650385604,37,shared_edge_length_normalized ≥,shared_edge_length_normalized,97.17223650385604
034_unionCircularity__ge.csv,0.7,0.9673202614379084,71,union_circularity ≥,union_circularity,96.73202614379083
037_sharedEdgeLength__ge.csv,17.0,0.9489795918367346,14,shared_edge_length ≥,shared_edge_length,94.89795918367346
046_junctionAngleMaxDegrees__ge.csv,136.0,0.9260204081632653,137,junction_angle_max ≥,junction_angle_max,92.60204081632652
031_centroidDistance__le.csv,25.0,0.8880308880308879,11,centroid_distance ≤,centroid_distance,88.8030888030888
041_centroidSharedEdgeDistanceNormalized__le.csv,0.49,0.8777923784494087,32,centroid_shared_edge_distance_normalized ≤,centroid_shared_edge_distance_normalized,87.77923784494087
040_centroidSharedEdgeDistance__le.csv,12.5,0.8703465982028241,12,centroid_shared_edge_distance ≤,centroid_shared_edge_distance,87.03465982028241
032_centroidDistanceNormalized__le.csv,1.0,0.8683181225554106,32,centroid_distance_normalized ≤,centroid_distance_normalized,86.83181225554107
038_sharedEdgeUnsharedVerticesDistance__le.csv,19.0,0.8386243386243386,12,shared_edge_vertex_distance ≤,shared_edge_vertex_distance,83.86243386243386
039_sharedEdgeUnsharedVerticesDistanceNormalized__le.csv,0.82,0.8270481144343304,24,shared_edge_vertex_distance_normalized ≤,shared_edge_vertex_distance_normalized,82.70481144343303
049_junctionAngleRatio__ge.csv,0.67,0.5165238678090576,68,junction_angle_ratio ≥,junction_angle_ratio,51.65238678090576
044_sharedEdgeUnionAxisAngleDegrees__le.csv,115.0,0.442002442002442,116,union_axis_shared_edge_angle ≤,union_axis_shared_edge_angle,44.2002442002442
048_junctionAngleDifferenceDegrees__le.csv,76.0,0.3990267639902676,77,junction_angle_diff ≤,junction_angle_diff,39.90267639902676
033_unionAspectRatio__le.csv,1.52,0.3895131086142323,27,union_aspect_ratio ≤,union_aspect_ratio,38.951310861423224
043_sharedEdgeUnionCentroidDistanceNormalized__le.csv,0.4,0.338235294117647,41,union_centroid_edge_distance_normalized ≤,union_centroid_edge_distance_normalized,33.8235294117647
011_aspectRatio__ge.csv,0.0,0.3187347931873479,1,aspect_ratio ≥,aspect_ratio,31.873479318734788
042_sharedEdgeUnionCentroidDistance__le.csv,8.5,0.3137254901960784,18,union_centroid_edge_distance ≤,union_centroid_edge_distance,31.372549019607842
013_aspectMin__ge.csv,1.0,0.3133757961783439,1,aspect_min ≥,aspect_min,31.337579617834386
015_aspectDiff__le.csv,1.04,0.3118148599269184,53,aspect_diff ≤,aspect_diff,31.181485992691837
014_aspectMax__le.csv,2.32,0.3024390243902439,66,aspect_max ≤,aspect_max,30.24390243902439
010_perimeterDiff__le.csv,58.0,0.3,30,perimeter_diff ≤,perimeter_diff,30.0
007_perimeterMean__le.csv,94.0,0.2921686746987951,13,perimeter_mean ≤,perimeter_mean,29.21686746987951
006_perimeterRatio__ge.csv,0.38,0.2902439024390243,39,perimeter_ratio ≥,perimeter_ratio,29.02439024390243
009_perimeterMax__le.csv,214.0,0.2895377128953771,69,perimeter_max ≤,perimeter_max,28.953771289537713
008_perimeterMin__ge.csv,52.0,0.2818627450980391,1,perimeter_min ≥,perimeter_min,28.18627450980391
019_circularityMax__le.csv,0.9,0.2782608695652174,91,circularity_max ≤,circularity_max,27.82608695652174
002_areaMean__le.csv,1250.0,0.2773722627737225,20,area_mean ≤,area_mean,27.73722627737225
017_circularityMean__ge.csv,0.27,0.2749391727493917,28,circularity_mean ≥,circularity_mean,27.49391727493917
004_areaMax__le.csv,700.0,0.2684931506849314,8,area_max ≤,area_max,26.84931506849314
018_circularityMin__ge.csv,0.61,0.2669962917181706,62,circularity_min ≥,circularity_min,26.699629171817058
016_circularityRatio__ge.csv,0.7,0.2640586797066014,71,circularity_ratio ≥,circularity_ratio,26.40586797066014
020_circularityDiff__le.csv,0.22,0.2598039215686274,23,circularity_diff ≤,circularity_diff,25.98039215686274
026_vertexCountRatio__ge.csv,0.27,0.2560975609756097,28,vertex_count_ratio ≥,vertex_count_ratio,25.60975609756097
005_areaDiff__le.csv,700.0,0.2539682539682539,15,area_diff ≤,area_diff,25.39682539682539
024_solidityMax__ge.csv,0.0,0.2506082725060827,1,solidity_max ≥,solidity_max,25.06082725060827
017_circularityMean__le.csv,0.83,0.242962962962963,84,circularity_mean ≤,circularity_mean,24.296296296296298
001_areaRatio__ge.csv,0.03,0.2404907975460122,4,area_ratio ≥,area_ratio,24.049079754601223
007_perimeterMean__ge.csv,70.0,0.24,1,perimeter_mean ≥,perimeter_mean,24.0
029_vertexCountMax__le.csv,7.0,0.2394366197183098,4,vertex_count_max ≤,vertex_count_max,23.94366197183098
026_vertexCountRatio__le.csv,1.0,0.2385093167701863,101,vertex_count_ratio ≤,vertex_count_ratio,23.85093167701863
012_aspectMean__le.csv,1.6,0.2376738305941846,59,aspect_mean ≤,aspect_mean,23.76738305941846
027_vertexCountMean__le.csv,7.05,0.2363184079601989,52,vertex_count_mean ≤,vertex_count_mean,23.63184079601989
030_vertexCountDiff__le.csv,7.0,0.2311435523114355,8,vertex_count_diff ≤,vertex_count_diff,23.11435523114355
028_vertexCountMin__le.csv,6.0,0.2287390029325513,4,vertex_count_min ≤,vertex_count_min,22.87390029325513
012_aspectMean__ge.csv,1.03,0.2278481012658227,2,aspect_mean ≥,aspect_mean,22.78481012658227
021_solidityRatio__ge.csv,0.93,0.2265529841656516,94,solidity_ratio ≥,solidity_ratio,22.65529841656516
023_solidityMin__ge.csv,0.92,0.2265529841656516,93,solidity_min ≥,solidity_min,22.65529841656516
025_solidityDiff__le.csv,0.07,0.2265529841656516,8,solidity_diff ≤,solidity_diff,22.65529841656516
029_vertexCountMax__ge.csv,4.0,0.2262773722627737,1,vertex_count_max ≥,vertex_count_max,22.627737226277368
022_solidityMean__ge.csv,0.0,0.2262773722627737,1,solidity_mean ≥,solidity_mean,22.627737226277368
001_areaRatio__le.csv,0.87,0.2262678803641092,88,area_ratio ≤,area_ratio,22.626788036410918
003_areaMin__ge.csv,100.0,0.2246913580246914,1,area_min ≥,area_min,22.46913580246914
003_areaMin__le.csv,1250.0,0.218978102189781,24,area_min ≤,area_min,21.8978102189781
004_areaMax__ge.csv,350.0,0.2165450121654501,1,area_max ≥,area_max,21.65450121654501
008_perimeterMin__le.csv,184.0,0.2165450121654501,67,perimeter_min ≤,perimeter_min,21.65450121654501
002_areaMean__ge.csv,300.0,0.2163522012578616,1,area_mean ≥,area_mean,21.63522012578616
030_vertexCountDiff__ge.csv,0.0,0.2080924855491329,1,vertex_count_diff ≥,vertex_count_diff,20.80924855491329
009_perimeterMax__ge.csv,78.0,0.2004889975550122,1,perimeter_max ≥,perimeter_max,20.04889975550122
019_circularityMax__ge.csv,0.33,0.1970802919708029,34,circularity_max ≥,circularity_max,19.70802919708029
018_circularityMin__le.csv,0.84,0.1955990220048899,85,circularity_min ≤,circularity_min,19.55990220048899
010_perimeterDiff__ge.csv,0.0,0.1955445544554455,1,perimeter_diff ≥,perimeter_diff,19.554455445544548
024_solidityMax__le.csv,1.0,0.1930618401206636,101,solidity_max ≤,solidity_max,19.30618401206636
005_areaDiff__ge.csv,50.0,0.1883870967741935,2,area_diff ≥,area_diff,18.83870967741935
028_vertexCountMin__ge.csv,3.0,0.1883519206939281,1,vertex_count_min ≥,vertex_count_min,18.835192069392807
006_perimeterRatio__le.csv,1.0,0.1878862793572311,101,perimeter_ratio ≤,perimeter_ratio,18.78862793572311
013_aspectMin__le.csv,1.49,0.1875761266747868,50,aspect_min ≤,aspect_min,18.75761266747868
014_aspectMax__ge.csv,1.06,0.1855921855921855,3,aspect_max ≥,aspect_max,18.55921855921855
011_aspectRatio__le.csv,1.0,0.1854140914709518,101,aspect_ratio ≤,aspect_ratio,18.54140914709518
016_circularityRatio__le.csv,1.0,0.1851851851851851,101,circularity_ratio ≤,circularity_ratio,18.51851851851851
020_circularityDiff__ge.csv,0.0,0.1833952912019826,1,circularity_diff ≥,circularity_diff,18.33952912019826
015_aspectDiff__ge.csv,0.0,0.1763975155279503,1,aspect_diff ≥,aspect_diff,17.63975155279503
027_vertexCountMean__ge.csv,4.5,0.1763975155279503,1,vertex_count_mean ≥,vertex_count_mean,17.63975155279503
044_sharedEdgeUnionAxisAngleDegrees__ge.csv,57.0,0.1141439205955335,58,union_axis_shared_edge_angle ≥,union_axis_shared_edge_angle,11.41439205955335
048_junctionAngleDifferenceDegrees__ge.csv,1.0,0.0827067669172932,2,junction_angle_diff ≥,junction_angle_diff,8.27067669172932
033_unionAspectRatio__ge.csv,1.02,0.0728643216080402,2,union_aspect_ratio ≥,union_aspect_ratio,7.2864321608040195
042_sharedEdgeUnionCentroidDistance__ge.csv,0.0,0.0720496894409938,1,union_centroid_edge_distance ≥,union_centroid_edge_distance,7.20496894409938
043_sharedEdgeUnionCentroidDistanceNormalized__ge.csv,0.01,0.0700876095118898,2,union_centroid_edge_distance_normalized ≥,union_centroid_edge_distance_normalized,7.008760951188981
022_solidityMean__le.csv,1.0,0.0699588477366255,101,solidity_mean ≤,solidity_mean,6.99588477366255
021_solidityRatio__le.csv,1.0,0.0696721311475409,101,solidity_ratio ≤,solidity_ratio,6.96721311475409
023_solidityMin__le.csv,1.0,0.0696721311475409,101,solidity_min ≤,solidity_min,6.96721311475409
025_solidityDiff__ge.csv,0.0,0.0696721311475409,1,solidity_diff ≥,solidity_diff,6.96721311475409
049_junctionAngleRatio__le.csv,1.0,0.0525657071339174,101,junction_angle_ratio ≤,junction_angle_ratio,5.25657071339174
039_sharedEdgeUnsharedVerticesDistanceNormalized__ge.csv,0.6,0.0318237454100367,2,shared_edge_vertex_distance_normalized ≥,shared_edge_vertex_distance_normalized,3.18237454100367
041_centroidSharedEdgeDistanceNormalized__ge.csv,0.335,0.0269938650306748,1,centroid_shared_edge_distance_normalized ≥,centroid_shared_edge_distance_normalized,2.6993865030674797
032_centroidDistanceNormalized__ge.csv,0.69,0.0220588235294117,1,centroid_distance_normalized ≥,centroid_distance_normalized,2.20588235294117
037_sharedEdgeLength__le.csv,49.0,0.0219244823386114,46,shared_edge_length ≤,shared_edge_length,2.19244823386114
038_sharedEdgeUnsharedVerticesDistance__ge.csv,13.5,0.0198019801980198,1,shared_edge_vertex_distance ≥,shared_edge_vertex_distance,1.98019801980198
040_centroidSharedEdgeDistance__ge.csv,8.0,0.0174563591022443,3,centroid_shared_edge_distance ≥,centroid_shared_edge_distance,1.74563591022443
031_centroidDistance__ge.csv,15.0,0.0173267326732673,1,centroid_distance ≥,centroid_distance,1.73267326732673
036_normalizedSharedEdgeLength__le.csv,1.42,0.014760147601476,66,shared_edge_length_normalized ≤,shared_edge_length_normalized,1.4760147601476001
047_junctionAngleMinDegrees__le.csv,180.0,0.0146520146520146,181,junction_angle_min ≤,junction_angle_min,1.46520146520146
035_unionConvexDeficiency__ge.csv,0.0,0.0074719800747198,1,convex_deficiency ≥,convex_deficiency,0.7471980074719801
034_unionCircularity__le.csv,0.85,0.00734394124847,86,union_circularity ≤,union_circularity,0.7343941248470001
046_junctionAngleMaxDegrees__le.csv,173.0,0.0024783147459727,174,junction_angle_max ≤,junction_angle_max,0.24783147459727
045_junctionAngleAverageDegrees__le.csv,0.0,0.0,1,junction_angle_mean ≤,junction_angle_mean,0.0
