file_name,first_cell_id,second_cell_id,divided
357um_oxalis,560,573,1
357um_oxalis,685,690,1
357um_oxalis,212,224,1
357um_oxalis,725,744,1
357um_oxalis,444,452,1
357um_oxalis,1139,1136,1
357um_oxalis,753,745,1
357um_oxalis,780,804,1
357um_oxalis,926,927,1
357um_oxalis,1041,1053,1
357um_oxalis,378,379,1
357um_oxalis,133,149,1
357um_oxalis,1081,1097,1
357um_oxalis,626,650,1
357um_oxalis,78,73,1
357um_oxalis,643,656,1
357um_oxalis,1115,1114,1
357um_oxalis,228,229,1
357um_oxalis,385,410,1
357um_oxalis,179,190,1
357um_oxalis,788,796,1
357um_oxalis,1095,1083,1
357um_oxalis,713,734,1
357um_oxalis,442,466,1
357um_oxalis,104,109,1
357um_oxalis,254,279,1
357um_oxalis,325,333,1
357um_oxalis,832,867,1
357um_oxalis,177,204,1
357um_oxalis,1076,1085,1
357um_oxalis,102,107,1
357um_oxalis,1007,975,1
357um_oxalis,783,797,1
357um_oxalis,570,571,1
357um_oxalis,844,845,1
357um_oxalis,400,422,1
357um_oxalis,140,141,1
357um_oxalis,519,554,1
357um_oxalis,1005,993,1
357um_oxalis,15,13,1
357um_oxalis,889,882,1
357um_oxalis,275,267,1
357um_oxalis,731,763,1
357um_oxalis,1109,1120,1
357um_oxalis,473,474,1
357um_oxalis,777,801,1
357um_oxalis,384,399,1
357um_oxalis,21,29,1
357um_oxalis,912,894,1
357um_oxalis,194,215,1
357um_oxalis,166,171,1
357um_oxalis,243,252,1
357um_oxalis,472,497,1
357um_oxalis,782,790,1
357um_oxalis,498,526,1
357um_oxalis,69,81,1
357um_oxalis,946,928,1
357um_oxalis,172,152,1
357um_oxalis,901,934,1
357um_oxalis,146,137,1
357um_oxalis,144,163,1
357um_oxalis,726,727,1
357um_oxalis,65,80,1
357um_oxalis,755,768,1
357um_oxalis,1032,1040,1
357um_oxalis,285,315,1
357um_oxalis,527,537,1
357um_oxalis,157,165,1
357um_oxalis,1105,1107,1
357um_oxalis,105,112,1
357um_oxalis,633,653,1
357um_oxalis,327,342,1
357um_oxalis,483,487,1
357um_oxalis,227,237,1
357um_oxalis,119,124,1
357um_oxalis,262,307,1
357um_oxalis,1086,1089,1
357um_oxalis,277,282,1
357um_oxalis,778,821,1
357um_oxalis,89,93,1
357um_oxalis,1000,1018,1
357um_oxalis,299,310,1
357um_oxalis,1052,1038,1
357um_oxalis,1074,1070,1
357um_oxalis,274,294,1
357um_oxalis,55,66,1
357um_oxalis,1098,1090,1
357um_oxalis,795,819,1
357um_oxalis,1121,1110,1
357um_oxalis,627,629,1
357um_oxalis,301,313,1
357um_oxalis,706,719,1
357um_oxalis,270,291,1
357um_oxalis,621,635,1
357um_oxalis,447,460,1
357um_oxalis,125,136,1
357um_oxalis,44,52,1
357um_oxalis,1145,1147,1
357um_oxalis,868,879,1
357um_oxalis,46,41,1
357um_oxalis,272,283,1
357um_oxalis,16,8,1
357um_oxalis,980,970,1
357um_oxalis,59,88,1
357um_oxalis,1116,1119,1
357um_oxalis,57,77,1
357um_oxalis,1103,1108,1
357um_oxalis,203,209,1
357um_oxalis,1112,1118,1
357um_oxalis,48,40,1
357um_oxalis,280,296,1
357um_oxalis,1035,1046,1
357um_oxalis,322,323,1
357um_oxalis,480,471,1
357um_oxalis,193,221,1
357um_oxalis,898,911,1
357um_oxalis,649,659,1
357um_oxalis,962,974,1
357um_oxalis,820,833,1
357um_oxalis,298,319,1
357um_oxalis,1060,1067,1
357um_oxalis,775,791,1
357um_oxalis,679,692,1
357um_oxalis,1025,1027,1
357um_oxalis,939,904,1
357um_oxalis,381,411,1
357um_oxalis,24,17,1
357um_oxalis,1087,1080,1
357um_oxalis,862,852,1
357um_oxalis,953,948,1
357um_oxalis,764,767,1
357um_oxalis,251,250,1
357um_oxalis,161,169,1
357um_oxalis,870,872,1
357um_oxalis,1135,1133,1
357um_oxalis,1143,1140,1
357um_oxalis,138,168,1
357um_oxalis,450,475,1
357um_oxalis,129,143,1
357um_oxalis,292,306,1
357um_oxalis,83,91,1
357um_oxalis,58,82,1
357um_oxalis,922,895,1
357um_oxalis,954,956,1
357um_oxalis,990,981,1
357um_oxalis,945,944,1
357um_oxalis,1151,1152,1
357um_oxalis,524,557,1
357um_oxalis,1021,1006,1
357um_oxalis,239,248,1
357um_oxalis,951,936,1
357um_oxalis,223,241,1
357um_oxalis,730,723,1
357um_oxalis,369,329,1
357um_oxalis,1091,1096,1
357um_oxalis,1141,1142,1
357um_oxalis,869,881,1
357um_oxalis,430,426,1
357um_oxalis,464,492,1
357um_oxalis,535,520,1
357um_oxalis,1003,998,1
357um_oxalis,418,424,1
357um_oxalis,75,61,1
357um_oxalis,242,265,1
357um_oxalis,404,423,1
357um_oxalis,4,3,1
357um_oxalis,257,276,1
357um_oxalis,1044,1055,1
357um_oxalis,1088,1100,1
357um_oxalis,30,27,1
357um_oxalis,1031,1023,1
357um_oxalis,367,409,1
357um_oxalis,585,614,1
357um_oxalis,482,521,1
357um_oxalis,840,853,1
357um_oxalis,712,708,1
357um_oxalis,1016,1024,1
357um_oxalis,488,489,1
357um_oxalis,532,534,1
357um_oxalis,220,236,1
357um_oxalis,235,273,1
357um_oxalis,382,388,1
357um_oxalis,899,880,1
357um_oxalis,416,441,1
357um_oxalis,773,784,1
357um_oxalis,51,54,1
357um_oxalis,668,684,1
357um_oxalis,1066,1063,1
357um_oxalis,604,620,1
357um_oxalis,433,446,1
357um_oxalis,992,977,1
357um_oxalis,266,268,1
357um_oxalis,240,261,1
357um_oxalis,1126,1127,1
357um_oxalis,120,118,1
357um_oxalis,1064,1077,1
357um_oxalis,31,37,1
357um_oxalis,1072,1069,1
357um_oxalis,218,230,1
357um_oxalis,321,352,1
357um_oxalis,419,439,1
357um_oxalis,591,623,1
357um_oxalis,1028,1034,1
357um_oxalis,198,208,1
357um_oxalis,1149,1150,1
357um_oxalis,686,678,1
357um_oxalis,950,949,1
357um_oxalis,180,183,1
357um_oxalis,542,543,1
357um_oxalis,574,572,1
357um_oxalis,94,117,1
357um_oxalis,736,747,1
357um_oxalis,392,389,1
357um_oxalis,505,518,1
357um_oxalis,336,364,1
357um_oxalis,930,917,1
357um_oxalis,131,148,1
357um_oxalis,858,861,1
357um_oxalis,963,969,1
357um_oxalis,568,565,1
357um_oxalis,829,823,1
357um_oxalis,1132,1131,1
357um_oxalis,1071,1093,1
357um_oxalis,728,746,1
357um_oxalis,612,647,1
357um_oxalis,514,563,1
357um_oxalis,675,691,1
357um_oxalis,420,432,1
357um_oxalis,589,611,1
357um_oxalis,732,742,1
357um_oxalis,334,347,1
357um_oxalis,957,919,1
357um_oxalis,50,63,1
357um_oxalis,391,401,1
357um_oxalis,459,467,1
357um_oxalis,931,909,1
357um_oxalis,413,406,1
357um_oxalis,1082,1099,1
357um_oxalis,890,897,1
357um_oxalis,160,174,1
357um_oxalis,816,827,1
357um_oxalis,759,758,1
357um_oxalis,733,761,1
357um_oxalis,664,695,1
357um_oxalis,121,132,1
357um_oxalis,903,885,1
357um_oxalis,18,0,1
357um_oxalis,1037,1036,1
357um_oxalis,196,167,1
357um_oxalis,134,154,1
357um_oxalis,43,56,1
357um_oxalis,142,135,1
357um_oxalis,955,966,1
357um_oxalis,358,373,1
357um_oxalis,587,607,1
357um_oxalis,108,110,1
357um_oxalis,602,652,1
357um_oxalis,988,997,1
357um_oxalis,541,553,1
357um_oxalis,646,658,1
357um_oxalis,1113,1117,1
357um_oxalis,584,619,1
357um_oxalis,877,910,1
357um_oxalis,508,536,1
357um_oxalis,84,70,1
357um_oxalis,592,617,1
357um_oxalis,191,206,1
357um_oxalis,403,415,1
357um_oxalis,1058,1062,1
357um_oxalis,698,704,1
357um_oxalis,605,634,1
357um_oxalis,39,53,1
357um_oxalis,995,987,1
357um_oxalis,548,561,1
357um_oxalis,337,345,1
357um_oxalis,667,711,1
357um_oxalis,435,434,1
357um_oxalis,407,429,1
357um_oxalis,350,355,1
357um_oxalis,803,825,1
357um_oxalis,982,1014,1
357um_oxalis,234,260,1
357um_oxalis,26,35,1
357um_oxalis,454,461,1
357um_oxalis,838,874,1
357um_oxalis,2,6,1
357um_oxalis,170,162,1
357um_oxalis,469,501,1
357um_oxalis,304,340,1
357um_oxalis,67,92,1
357um_oxalis,507,502,1
357um_oxalis,559,556,1
357um_oxalis,1134,1137,1
357um_oxalis,328,344,1
357um_oxalis,672,696,1
357um_oxalis,989,1012,1
357um_oxalis,779,792,1
357um_oxalis,1033,1001,1
357um_oxalis,579,599,1
357um_oxalis,490,522,1
357um_oxalis,994,1015,1
357um_oxalis,710,716,1
357um_oxalis,1075,1068,1
357um_oxalis,356,376,1
357um_oxalis,787,802,1
357um_oxalis,841,851,1
357um_oxalis,1065,1061,1
357um_oxalis,348,375,1
357um_oxalis,694,701,1
357um_oxalis,914,920,1
357um_oxalis,496,509,1
357um_oxalis,324,335,1
357um_oxalis,849,871,1
357um_oxalis,583,577,1
357um_oxalis,682,717,1
357um_oxalis,499,511,1
357um_oxalis,1047,1051,1
357um_oxalis,468,517,1
357um_oxalis,297,320,1
357um_oxalis,156,173,1
357um_oxalis,346,357,1
357um_oxalis,983,1010,1
357um_oxalis,1101,1106,1
357um_oxalis,457,494,1
357um_oxalis,741,754,1
357um_oxalis,1009,978,1
357um_oxalis,905,923,1
357um_oxalis,197,185,1
357um_oxalis,662,660,1
357um_oxalis,281,318,1
357um_oxalis,187,195,1
357um_oxalis,600,639,1
357um_oxalis,71,68,1
357um_oxalis,546,555,1
357um_oxalis,808,809,1
357um_oxalis,1056,1050,1
357um_oxalis,440,478,1
357um_oxalis,586,595,1
357um_oxalis,774,772,1
357um_oxalis,98,128,1
357um_oxalis,666,687,1
357um_oxalis,431,479,1
357um_oxalis,178,200,1
357um_oxalis,618,630,1
357um_oxalis,594,596,1
357um_oxalis,366,393,1
357um_oxalis,153,176,1
357um_oxalis,530,516,1
357um_oxalis,300,317,1
357um_oxalis,216,226,1
357um_oxalis,1146,1144,1
357um_oxalis,181,175,1
357um_oxalis,722,752,1
357um_oxalis,865,875,1
357um_oxalis,826,815,1
357um_oxalis,72,95,1
357um_oxalis,25,20,1
357um_oxalis,343,374,1
357um_oxalis,952,958,1
357um_oxalis,395,377,1
357um_oxalis,380,390,1
357um_oxalis,503,512,1
357um_oxalis,493,504,1
357um_oxalis,789,798,1
357um_oxalis,539,575,1
357um_oxalis,1102,1111,1
357um_oxalis,601,598,1
357um_oxalis,1059,1045,1
357um_oxalis,830,831,1
357um_oxalis,908,942,1
357um_oxalis,609,608,1
357um_oxalis,211,249,1
357um_oxalis,290,332,1
357um_oxalis,964,967,1
357um_oxalis,232,222,1
357um_oxalis,528,545,1
357um_oxalis,674,669,1
357um_oxalis,485,523,1
357um_oxalis,794,813,1
357um_oxalis,637,642,1
357um_oxalis,665,676,1
357um_oxalis,405,414,1
357um_oxalis,1130,1129,1
357um_oxalis,632,671,1
357um_oxalis,130,139,1
357um_oxalis,580,597,1
357um_oxalis,590,593,1
357um_oxalis,308,353,1
357um_oxalis,192,214,1
357um_oxalis,932,941,1
357um_oxalis,624,616,1
357um_oxalis,286,278,1
357um_oxalis,500,510,1
357um_oxalis,655,677,1
357um_oxalis,636,654,1
357um_oxalis,961,973,1
357um_oxalis,843,888,1
357um_oxalis,705,720,1
357um_oxalis,362,394,1
357um_oxalis,62,90,1
357um_oxalis,506,547,1
357um_oxalis,150,184,1
357um_oxalis,458,486,1
357um_oxalis,74,103,1
