pairIndex,fileName,firstPolygonId,secondPolygonId,observed_division,predicted,classification,junctionAngleAverageDegrees,threshold_op,threshold,division_timing
263,sample10_44h.json,96,100,1,0,FN,132.051484,>=,145.0,22
279,sample10_44h.json,102,114,1,0,FN,134.681923,>=,145.0,22
336,sample10_44h.json,123,134,1,0,FN,166.065061,>=,145.0,4
352,sample10_44h.json,130,136,1,0,FN,143.50819,>=,145.0,10
353,sample10_44h.json,131,142,1,0,FN,167.975889,>=,145.0,4
401,sample10_44h.json,156,157,1,0,FN,167.999434,>=,145.0,10
25,sample1_18h.json,9,13,1,0,FN,139.769051,>=,145.0,18
133,sample1_38h.json,49,54,1,0,FN,143.933216,>=,145.0,10
1,sample1_58h.json,0,1,1,0,FN,140.809477,>=,145.0,16
13,sample1_58h.json,4,6,1,0,FN,127.122809,>=,145.0,12
36,sample1_58h.json,13,14,1,0,FN,144.170211,>=,145.0,10
54,sample1_58h.json,19,20,1,0,FN,135.967856,>=,145.0,10
64,sample1_58h.json,23,24,1,0,FN,141.221887,>=,145.0,14
40,sample2_12h.json,15,18,1,0,FN,140.357259,>=,145.0,12
58,sample2_12h.json,22,26,1,0,FN,154.263635,>=,145.0,10
67,sample2_12h.json,27,29,1,0,FN,144.552776,>=,145.0,10
1,sample2_26h.json,0,1,1,0,FN,135.060954,>=,145.0,12
83,sample2_26h.json,31,32,1,0,FN,139.253855,>=,145.0,10
27,sample2_40h.json,11,17,1,0,FN,135.231707,>=,145.0,8
62,sample2_40h.json,23,32,1,0,FN,138.764568,>=,145.0,4
115,sample2_40h.json,43,47,1,0,FN,147.837138,>=,145.0,8
136,sample2_40h.json,50,52,1,0,FN,146.622536,>=,145.0,12
55,sample2_54h.json,19,22,1,0,FN,129.192326,>=,145.0,8
134,sample2_54h.json,47,53,1,0,FN,144.582064,>=,145.0,8
256,sample2_54h.json,93,99,1,0,FN,141.964645,>=,145.0,10
258,sample2_54h.json,94,95,1,0,FN,142.48201,>=,145.0,14
303,sample2_54h.json,110,116,1,0,FN,144.225528,>=,145.0,4
344,sample2_54h.json,125,128,1,0,FN,150.012103,>=,145.0,6
26,sample3_18h.json,10,11,1,0,FN,141.997027,>=,145.0,8
76,sample3_40h.json,30,31,1,0,FN,144.44318,>=,145.0,14
18,sample3_58h.json,7,8,1,0,FN,139.18519,>=,145.0,12
30,sample3_58h.json,11,13,1,0,FN,137.880366,>=,145.0,10
88,sample3_58h.json,33,37,1,0,FN,146.265641,>=,145.0,10
226,sample4_20h.json,81,86,1,0,FN,142.674974,>=,145.0,12
154,sample4_36h.json,53,54,1,0,FN,139.023763,>=,145.0,14
201,sample4_36h.json,69,72,1,0,FN,145.40018,>=,145.0,8
271,sample4_36h.json,94,97,1,0,FN,135.335391,>=,145.0,6
452,sample4_36h.json,157,167,1,0,FN,134.107368,>=,145.0,16
53,sample4_52h.json,17,25,1,0,FN,148.869042,>=,145.0,8
350,sample4_52h.json,121,136,1,0,FN,138.921274,>=,145.0,2
370,sample4_52h.json,127,142,1,0,FN,150.149314,>=,145.0,10
550,sample4_52h.json,189,368,1,0,FN,145.596225,>=,145.0,12
603,sample4_52h.json,210,226,1,0,FN,143.117886,>=,145.0,12
848,sample4_52h.json,294,296,1,0,FN,154.791309,>=,145.0,10
70,sample5_42h.json,24,25,1,0,FN,156.790782,>=,145.0,16
110,sample5_42h.json,41,43,1,0,FN,133.726767,>=,145.0,22
99,sample5_72h.json,50,57,1,0,FN,135.084712,>=,145.0,19
150,sample5_72h.json,73,83,1,0,FN,154.106395,>=,145.0,19
209,sample5_72h.json,96,163,1,0,FN,147.936492,>=,145.0,25
285,sample5_72h.json,127,128,1,0,FN,137.534836,>=,145.0,31
26,sample6_22h.json,8,14,1,0,FN,141.818043,>=,145.0,10
121,sample6_22h.json,41,62,1,0,FN,140.08389,>=,145.0,16
149,sample6_22h.json,51,75,1,0,FN,144.801783,>=,145.0,22
193,sample6_22h.json,67,69,1,0,FN,141.651031,>=,145.0,18
238,sample6_22h.json,84,89,1,0,FN,122.614138,>=,145.0,18
262,sample6_22h.json,94,101,1,0,FN,141.5736,>=,145.0,6
177,sample6_36h.json,64,70,1,0,FN,142.536033,>=,145.0,4
81,sample6_54h.json,28,37,1,0,FN,143.857881,>=,145.0,18
150,sample6_54h.json,55,71,1,0,FN,144.615785,>=,145.0,6
240,sample6_54h.json,89,92,1,0,FN,173.317479,>=,145.0,8
63,sample7_14h.json,21,24,1,0,FN,144.651451,>=,145.0,8
81,sample7_14h.json,30,40,1,0,FN,138.158682,>=,145.0,14
164,sample7_14h.json,63,68,1,0,FN,143.26604,>=,145.0,12
266,sample7_14h.json,104,105,1,0,FN,142.249064,>=,145.0,6
107,sample7_30h.json,37,50,1,0,FN,146.025252,>=,145.0,16
162,sample7_30h.json,61,73,1,0,FN,151.83502,>=,145.0,4
217,sample7_30h.json,82,84,1,0,FN,149.320798,>=,145.0,4
246,sample7_30h.json,96,101,1,0,FN,149.27756,>=,145.0,12
309,sample7_30h.json,137,139,1,0,FN,163.191572,>=,145.0,8
311,sample7_30h.json,138,140,1,0,FN,164.421857,>=,145.0,4
6,sample8_14h.json,1,7,1,0,FN,141.804755,>=,145.0,6
80,sample8_14h.json,29,31,1,0,FN,133.948594,>=,145.0,8
25,sample8_50h.json,8,9,1,0,FN,150.475306,>=,145.0,2
32,sample8_50h.json,11,12,1,0,FN,167.557115,>=,145.0,12
180,sample8_50h.json,65,66,1,0,FN,137.434527,>=,145.0,6
188,sample8_50h.json,68,71,1,0,FN,146.427907,>=,145.0,16
109,sample9_18h.json,40,44,1,0,FN,156.339113,>=,145.0,8
70,sample9_44h.json,29,30,1,0,FN,133.307948,>=,145.0,16
85,sample9_44h.json,33,40,1,0,FN,150.552273,>=,145.0,16
107,sample9_44h.json,38,198,1,0,FN,136.386001,>=,145.0,16
138,sample9_44h.json,52,62,1,0,FN,142.791079,>=,145.0,14
159,sample9_44h.json,60,71,1,0,FN,159.149531,>=,145.0,8
312,sample9_44h.json,118,126,1,0,FN,125.796154,>=,145.0,20
487,sample9_44h.json,186,188,1,0,FN,138.94808,>=,145.0,2
